Age at Enrollment,Admission Grade,1st semester grade,2nd semester grade,Tuition Fees Up to Date,Scholarship Holder
20,127.3,0,0,1,0
19,142.5,14,########,0,0
19,124.8,0,0,0,0
20,119.6,########,12.4,1,0
45,141.5,########,13,1,0
50,114.8,########,11.5,1,0
18,128.4,13.3,14.345,1,1
22,113.1,0,0,0,0
21,129.3,13.875,########,1,1
18,123,11.4,13.5,0,0
18,130.6,########,14.2,1,0
18,119.3,########,########,1,1
19,130.2,0,0,1,0
21,111.8,########,11,1,1
18,137.1,13.25,12,1,1
20,120.7,13.2,0,1,0
18,137.4,12,11,1,0
18,127.3,1.330.625,14.545,1,0
20,136.3,12.5,12.25,1,0
18,124.6,########,13.5,1,0
21,120.3,0,0,1,1
20,121.8,114.375,11.425,1,0
18,125.5,########,########,1,0
19,114.9,13.375,########,1,1
19,123.9,########,########,1,0
18,157,11.6,11,1,1
21,116.4,11.375,########,1,0
18,131,########,13,1,0
20,122.1,12,########,1,0
19,118.8,########,########,1,0
21,150,########,########,1,0
20,130,########,13.4,1,0
18,138.8,########,13.5,0,0
19,134.5,########,14.375,1,0
34,131.4,12.4,########,1,0
37,102.5,0,10,0,0
43,128.8,0,0,1,0
55,122.9,10,12,1,0
39,113.9,11,11.6,1,0
20,120,########,12,0,0
18,121.1,12.75,0,1,0
22,120.4,14.8,15.8,1,0
22,100.6,13.928,########,1,0
20,121.4,13,13.8,0,0
29,109.7,0,0,1,0
24,134.1,11.5,########,1,0
18,127.6,########,13.2,1,0
22,132.4,########,########,1,1
21,133.4,11.5,########,1,1
19,126.1,########,########,1,1
24,113.5,########,########,1,1
19,121.3,########,########,1,1
20,121.8,14,11,1,1
19,159.3,########,15.8,1,0
27,120,10.6,11,1,0
18,129.1,########,13.595,1,0
39,130,0,0,1,0
27,155.3,13,12.9,1,0
18,139.8,14.935,14.935,1,0
18,115.2,0,0,1,0
18,114.9,########,########,1,0
21,131.9,12,12,1,1
19,126,0,0,1,1
19,130.2,11.4,10,1,0
24,120.9,0,0,1,0
29,126,11.9,11,1,0
19,128.2,0,0,1,1
23,130,########,########,1,0
19,120.1,11.2,10.75,1,0
26,100,12,10.8,1,0
18,134,0,0,1,0
24,130.8,11.975,13.75,1,0
19,135.8,0,0,1,0
18,111.7,########,12,1,0
18,132.9,########,########,1,0
18,115.5,########,########,1,0
21,106,10.5,11,1,1
19,120.3,########,########,1,1
22,130.8,########,########,1,1
33,117,12,########,1,0
20,110.2,12.2,12.2,1,0
35,155.7,0,0,1,0
24,180.4,########,13.3,1,0
18,125.5,12,########,1,0
33,110,11,11,1,0
22,161,13.08,13.08,1,1
25,100,10.5,11.6,1,1
20,117.6,########,11.2,1,0
23,128.7,14,13.8,1,0
18,112.2,10,0,1,0
24,100.8,0,0,1,0
21,105,14,13.5,0,0
26,100,12,0,1,0
39,115.5,########,0,1,0
44,114,11.875,########,1,0
19,137,14,13.25,1,0
18,124.9,########,########,1,0
18,120.3,13.75,########,1,1
19,134.3,14.2,13.8,1,0
19,111.5,11.96,0,0,0
21,128.8,12.875,13.4,1,0
20,110,0,0,1,0
36,113.5,0,0,1,0
43,160,########,########,1,0
19,117.4,0,0,1,0
20,122.2,13,########,1,0
19,118.2,0,0,1,0
20,106.7,14.2,13.25,1,0
20,108.2,########,12.3,1,0
20,107,########,13,1,0
18,136.1,########,15,1,0
18,115.3,13,11,1,1
19,139.8,13.4,12.8,1,0
18,157,########,########,1,0
18,131,########,########,1,0
20,100,########,13,1,0
20,140.4,10,10.75,1,1
20,113.4,########,########,1,0
18,137,########,11.4,1,0
18,121.8,12.6,14,1,0
21,131,11,11,1,0
19,118.6,10.8,11.25,1,0
19,122.3,0,0,1,0
19,127.9,12.8,14.2,1,1
19,121.3,########,12.2,1,0
19,117.1,12.1,0,1,0
20,160,########,########,1,0
18,145.3,12.8,13.4,1,1
18,122.6,13,########,1,0
19,128,########,########,1,0
18,124.9,132.375,########,1,1
18,123.7,########,13,1,0
19,120.1,12.4,14.6,1,0
19,131.7,14,0,1,0
20,133.2,########,########,1,0
19,109.3,12,12.5,0,1
20,113,12.2,11.5,1,0
18,157.9,########,########,1,1
20,112.1,13.188,########,1,1
18,174.7,17.125,175.875,1,0
19,128.8,########,########,1,0
19,110.1,########,12,1,1
22,99.7,0,0,0,0
19,121,########,11.5,1,1
19,131.7,13.605,1.233.125,1,1
19,119.1,12,10.8,1,1
19,124.7,0,0,1,0
20,117.2,11.2,########,1,0
18,128.8,13.375,########,1,0
20,131.5,########,########,1,1
18,121.7,0,0,1,0
19,123.4,12.4,13.4,1,0
18,124.7,########,########,1,0
18,132.8,########,11.8,1,0
21,108.7,########,10,1,0
19,138.1,12,11.5,1,0
18,126.5,10.6,11.8,1,1
18,127.4,12.25,########,1,1
20,123.6,11,########,1,0
24,122,11,12.6,1,1
19,118.2,########,13,1,0
18,123.9,########,########,1,1
18,125.8,1.491.875,15.355,1,0
21,123.3,11.5,11,1,0
19,124.4,14.2,14.2,1,0
19,126,12.5,13,1,1
47,170,0,0,1,0
19,121.5,########,11,1,0
29,130,########,########,1,0
21,117,12,########,1,0
28,130,11.25,10.5,1,0
20,108,########,135.625,1,0
19,132.3,########,########,1,0
26,148,########,12,1,0
20,122.6,11.75,########,0,0
18,123,########,13.5,1,1
27,102.5,13.2,12,1,0
20,113.3,11.95,11.95,1,0
18,133,12.4,10.4,1,0
33,140,14.35,########,1,0
35,128.3,########,########,1,0
26,140,########,########,1,1
27,104,12,0,0,0
19,122.3,########,0,0,0
20,135,0,0,1,0
20,119.1,10,########,0,0
21,126.6,11.5,10,0,0
18,129,13.05,13.05,1,1
24,162.3,11,0,1,0
20,163.4,11.5,12,1,0
21,121.5,12,12.5,1,1
23,122.8,10,10,1,0
24,118,0,0,1,0
21,134,0,0,1,0
18,129.8,########,########,1,0
27,152,0,0,1,0
18,122.8,1.293.375,1.293.375,1,0
35,150,0,0,1,0
18,131.8,########,########,1,0
35,105.9,########,########,1,0
19,132.1,13.75,########,1,0
20,127.4,########,########,1,0
18,129.5,########,########,1,0
21,126.7,########,########,1,0
18,116.5,########,11.25,1,1
18,119.1,11,10.75,1,0
18,126.5,########,########,1,0
18,149.8,########,########,1,1
19,115.1,########,13.4,1,0
36,124.5,########,12.8,1,1
18,128.3,########,########,1,1
18,136,########,########,1,1
20,140,15.625,########,1,1
26,126.3,0,0,1,1
21,126.9,########,12,1,0
25,145,12.125,133.125,1,0
19,115.8,11.6,11.6,1,1
24,100,10,0,1,0
27,102.5,10,0,1,1
21,131.5,0,13.5,1,0
18,147,13,########,1,1
19,122.5,########,14.5,1,1
18,117.5,11.25,12.5,1,0
19,150,13.85,########,1,1
19,127.5,########,149.125,1,1
33,140,########,15.8,1,0
45,130,11,13.8,1,0
20,133.3,12,########,1,1
28,97,0,0,1,0
19,112,########,########,1,1
18,123.6,########,########,1,0
38,130.5,0,0,1,0
19,133.3,13,13.2,1,0
21,132.1,11,12,1,1
21,100,12,15,1,0
22,140.4,12.6,13,1,1
18,141.7,13.4,########,1,1
18,119.7,########,########,1,1
25,122.5,13.5,14.25,0,0
24,140,11.75,########,0,0
19,119.4,########,114.625,1,0
24,155,########,########,1,0
20,119.1,11.6,13.6,1,1
25,122.7,0,0,0,0
20,117.9,12.9,########,1,1
23,130,13.22,13.22,1,0
19,120,########,########,1,1
29,130,12.75,########,0,0
21,116.8,########,12.25,1,0
18,123.4,13.25,########,1,1
19,125.4,12.4,12.4,1,0
18,127.2,15,########,1,1
19,103.4,14.4,13,1,0
18,123.2,11,0,1,0
18,124.1,12.4,10.8,1,0
37,99.5,16,0,0,1
29,124.9,########,########,1,0
18,110.8,########,12.5,1,0
19,118.9,########,########,1,1
22,118.8,########,13,0,0
20,137,########,10.6,1,1
34,100,0,0,1,0
30,120,11.75,########,0,0
18,122.8,14,14,1,0
18,121.6,########,12,1,0
18,149.2,12.25,########,1,0
18,140,########,########,1,0
19,133.4,11.4,12.8,1,1
19,126.2,13,12.5,1,1
18,127.8,########,########,1,1
21,150,########,12.8,1,1
20,113.7,10,13,0,0
20,117.8,13.5,########,1,0
19,136.7,12.67,13.55,1,0
20,144.7,14.5,########,1,0
18,139.8,########,153.875,1,0
20,113.7,11,########,1,0
29,140,########,13.2,0,0
18,142.3,########,13.775,1,1
20,119.6,1.400.375,########,1,1
22,123.7,12,11.4,1,1
47,143,########,########,1,1
31,100.1,14,13.8,1,0
21,119.4,13.8,########,1,1
21,122.1,12.8,########,1,0
24,100,########,########,1,0
18,113.9,12.5,########,1,0
32,101,12,11.5,1,0
19,111.8,########,11.5,1,1
24,140,13.385,13.385,1,0
19,124.4,########,14.5,1,0
19,150,########,########,1,1
24,140,########,13,1,0
18,116,########,########,1,1
19,135.6,12,########,1,1
19,121,########,########,1,1
18,118.7,########,########,1,1
18,125.7,########,########,1,0
20,107.1,12.5,131.375,1,0
18,125.5,12.86,12.86,1,0
18,127,12.25,########,1,0
21,113.5,12,12.2,1,1
18,154.4,########,########,1,1
18,122,12.5,10.25,0,0
19,128,0,0,1,0
19,115.5,11,11,1,0
18,117.2,11.875,14.6,1,0
34,150,11,0,1,0
19,155.3,15.2,13.2,1,0
19,120,11.6,11,0,0
26,116.1,########,########,1,0
21,118.9,########,########,1,0
18,127.3,11.2,11.8,1,1
20,113.7,13.4,########,1,1
25,118.5,10.5,0,1,0
18,146.7,16.2,16.4,1,0
18,124.3,########,########,1,1
19,137.8,########,########,1,0
18,130.2,########,########,1,1
20,147.8,########,########,1,0
26,150,0,0,0,0
19,100,########,########,1,1
19,155.6,14.3,########,1,0
19,117.4,11.8,12,1,0
19,128.8,########,13,1,0
18,117.5,########,########,1,0
19,120.4,########,########,1,0
18,130.9,########,11,1,0
18,125,12.6,11.4,1,0
18,136.8,14,11.6,1,0
18,121.6,12,########,1,0
26,151,0,0,1,0
20,103.5,12,13,1,0
19,119.4,########,########,1,0
18,134.4,########,########,1,1
19,143,########,########,1,0
40,110,15,########,1,0
18,132.5,1.339.125,1.339.125,1,1
19,114.7,########,########,1,0
18,166.9,11.25,12.5,1,0
19,125.9,12,12,1,0
18,178.3,0,0,1,0
33,117,########,########,1,0
35,150,14,13.1,1,0
26,130,13,12,1,0
18,135.1,13.5,12.5,1,0
36,110,########,########,1,0
39,136.2,11,########,1,0
44,116,13,########,1,0
20,100,12,11.25,1,0
24,116.3,12.6,11.5,1,0
20,134,########,########,1,1
19,124.2,0,0,0,0
18,134.5,14.2,14.2,1,1
22,120.7,11,0,0,0
18,127.1,15,########,1,0
24,133,########,########,1,0
33,128.2,0,0,1,0
30,130,0,0,1,1
26,172,0,0,1,0
18,128.5,########,########,1,0
19,128.5,########,10,1,0
20,112,########,11,1,0
22,142.5,13.5,########,1,1
19,133,13.98,13.98,1,0
21,106,########,15.75,1,1
21,125.5,########,########,1,1
19,131.2,11,11.2,1,0
19,112.9,########,########,1,1
18,124.8,########,########,1,0
50,140.9,########,########,1,0
31,148,11.25,########,1,1
19,148.4,########,########,1,1
35,129.7,12,########,1,0
31,128.2,0,0,1,0
42,104,11.9,12.8,1,0
34,119.9,0,0,0,0
18,141,########,########,1,1
18,116.6,########,########,0,1
21,140,########,13.5,1,0
26,140,12.74,########,1,1
20,100,13.25,13.75,1,0
19,121,########,########,1,0
19,117,########,########,1,1
20,140.2,########,########,1,0
19,129.3,11.5,########,1,0
18,145.3,########,########,1,0
28,146.2,########,12,1,0
22,122.5,########,12.4,1,0
21,156.1,########,########,1,1
21,140,12.75,11,1,0
26,140,11.2,12.14,1,0
18,128.4,13,11.4,0,0
20,115,10.5,########,0,0
18,158.7,########,14,1,0
19,124.5,12.86,12.86,1,1
20,111.9,########,12,1,0
22,150,########,12,1,1
18,114.2,11.8,########,1,0
19,96,########,0,1,0
18,128.9,11.6,11.2,1,1
20,121.7,########,########,1,0
19,114.8,12.25,11,1,0
19,127,12,12.75,1,0
19,131.3,########,########,1,0
18,137.1,0,0,1,0
21,120,########,14.25,1,0
27,139,15.8,14.8,1,0
19,129.1,########,########,1,0
25,128.2,0,0,1,0
18,120.8,########,########,1,1
24,135.8,########,########,1,0
20,118.9,115.875,########,1,0
26,140,14,15.6,1,0
20,127.1,########,########,1,1
18,137,14,15.4,1,0
19,127.4,########,12.375,1,0
23,97,11.6,11,1,0
18,126.3,11.6,11.6,1,1
18,127.5,0,0,1,0
19,126.6,########,########,1,1
30,120,########,14.8,1,0
29,140,0,0,1,0
19,131.5,1.325.375,1.325.375,1,0
20,112.2,########,14.1,1,0
20,150.5,########,########,1,0
19,121,13.5,########,1,0
20,112.2,########,########,1,0
21,129.4,0,0,1,0
19,114.4,11.5,14.6,1,0
18,120.3,########,########,1,1
27,120,########,12.8,1,1
19,114.5,13.4,12.4,1,1
19,127.8,0,0,1,1
19,124.6,14.2,########,1,0
18,130.3,########,########,1,1
20,118.2,11.25,10.5,1,1
18,118.8,14.5,########,1,1
19,133,0,0,1,0
36,129,11.3,11.3,1,0
18,100,0,16,1,0
18,120.7,12,12,1,0
19,132.5,12.3,12.3,1,0
18,120.3,########,########,1,1
18,114.6,11,11,1,0
19,116.5,13,########,1,1
19,127.8,144.125,16.05,1,1
18,129.9,1.292.875,140.625,1,0
20,118.9,########,12.8,1,0
20,114.3,12.8,12.8,1,1
20,114.8,########,########,1,0
18,123,########,########,1,1
18,122.1,1.413.125,1.398.375,1,0
19,123.7,########,12.6,1,0
19,132.4,11.8,11.25,1,0
44,114.8,########,11,1,0
32,130,0,0,1,0
22,122.3,13.6,12,1,0
36,152.4,########,########,1,0
18,120.1,12.5,########,1,1
20,155.1,16.4,14.6,1,0
20,124.5,########,########,1,1
19,126.9,10.6,10.5,1,0
24,153.2,10.2,12.2,1,0
20,129.8,10.6,10.4,1,0
27,135,########,10.8,1,0
20,131.3,########,12.625,1,0
23,125.2,13,########,1,1
18,141.3,13.31,13.31,1,1
18,117.1,########,12.2,1,1
20,126.5,########,########,1,1
20,120.1,########,########,1,1
23,128.4,11.875,########,1,0
20,140,########,########,1,0
28,110,0,0,0,0
21,116.8,11.5,12.8,1,0
21,104.5,12.5,0,1,0
28,140,0,0,1,0
18,113.2,11.98,13.225,1,0
21,118.6,13.2,11.8,1,1
19,123.8,########,140.375,1,0
18,126.7,########,########,1,1
19,133.8,0,0,1,0
20,140,########,13,1,0
20,100.6,########,########,1,1
18,132.7,########,12.2,1,1
20,106.6,11.5,########,1,0
31,140.4,11.4,11.75,1,0
19,128.3,1.470.625,144.775,1,1
19,118.6,########,########,1,1
23,123.4,13,11.875,1,0
19,124,########,########,1,0
20,121.3,12.6,12.6,1,0
22,101,########,11.4,1,0
18,116.9,########,########,1,0
27,130,11.5,11,0,0
29,120,10,0,1,0
18,130.4,11.8,12.2,1,0
18,118.7,11.8,########,1,0
18,131.5,1.277.125,1.277.125,1,0
20,120.4,########,12.6,1,0
18,129.1,########,14.6,1,0
18,132,12.2,########,0,0
28,130,12,0,0,0
18,132.8,########,########,1,1
27,143.7,14,12.525,1,0
26,152.8,14.75,13.8,1,0
18,133.5,########,########,1,0
18,146.2,13,14,1,0
21,115.2,0,0,1,0
18,120.7,10.75,0,1,0
32,101.8,0,0,0,0
28,100,12.5,11.75,1,0
40,121.9,0,0,0,0
39,120.4,0,0,0,0
39,120.4,0,0,0,0
50,148.8,12.5,12.4,1,0
23,123,12.8,########,1,0
48,100,10,11,1,0
23,112.1,11.25,10.2,1,0
18,126.8,12.61,12.61,1,1
18,115.9,12,12.6,1,0
20,132.5,13,13.5,0,0
18,132.2,12,13,1,1
18,183.5,12,0,1,0
31,136,12,11,1,0
24,100.9,12,10.5,1,0
24,114.5,0,0,1,0
26,110.3,0,0,0,0
18,137.2,13.625,11.75,1,0
19,116.9,########,########,1,1
22,121.8,0,0,1,0
18,127.3,11.69,11.69,1,0
20,120,0,0,0,0
25,150,0,0,1,0
24,100,11.5,########,1,0
27,150,14,0,1,0
21,116.9,11,12.4,1,0
21,140,########,########,1,0
19,122.1,12.5,########,1,0
28,160,########,########,1,0
20,118.4,10,12,1,0
21,150,13,12.625,1,1
18,144.9,########,########,1,1
18,121.1,13.2,12.6,1,1
20,121.8,10.2,11,1,0
25,146.8,14.2,13.5,1,0
22,138,12.625,14.5,1,0
18,138,########,########,1,0
19,116.3,13.25,11,1,0
19,122.5,12,12,1,0
25,115,13,13.75,0,0
21,115,########,########,1,0
19,119.8,11,0,1,0
20,95,0,0,1,0
25,150,########,########,1,0
20,117.8,11,12,1,0
18,144.2,0,0,1,0
23,130,11.5,########,1,0
23,128.2,125.075,125.075,1,0
21,135.3,########,12,1,0
20,143.9,11,########,1,0
25,140.7,10,########,1,0
18,130.4,13.5,13.2,1,0
22,123.2,########,13.625,1,0
27,118,14,########,1,0
25,120,0,0,1,0
18,118.9,########,########,1,0
20,117.2,14.6,14.2,1,0
27,120,13,11.5,1,0
20,118.1,########,12,1,0
22,124.8,0,12,1,0
19,106.5,10.5,10.8,1,0
20,116.8,12.4,########,1,0
19,109.3,0,0,1,0
29,120,0,0,0,0
19,137.5,########,########,1,0
28,150,10.6,10.2,1,1
20,120.4,11.5,########,1,0
20,136.7,13.5,13.625,1,0
31,118.5,0,0,1,0
18,133,125.375,########,1,0
19,128.8,########,########,1,0
18,133,12,12.8,1,0
19,102,11.8,11.6,1,0
18,133.9,15,15.2,1,1
19,127,12,13.2,1,0
18,120.4,########,########,1,1
19,124.5,########,12,1,0
19,123.9,121.625,13.825,1,0
18,117.8,########,########,1,0
19,126.7,12.45,11.7,1,0
20,110,12.125,########,1,1
20,134.7,13.4,13,1,0
20,113.2,########,14,1,0
29,141,########,########,1,0
20,111.5,12,10,0,1
31,140,########,12.6,0,0
20,134.3,########,########,1,0
21,125.3,########,########,1,0
23,140,0,0,1,0
21,119.6,13,11.6,0,0
24,170,########,########,1,0
27,150.5,12.5,########,1,0
18,128,########,158.125,1,1
21,108.7,0,0,0,0
19,121.6,0,0,1,1
19,125.3,########,########,1,1
18,117.6,0,0,1,0
18,124.3,11.98,11.98,1,1
20,106.1,########,########,1,1
24,139.9,13,########,1,0
20,110.8,########,########,1,0
20,118,11,13.2,1,0
19,117.8,########,########,1,1
18,127.5,########,########,1,1
20,129.7,########,########,1,1
20,130.6,########,########,1,0
19,126.3,########,1.301.875,1,1
19,140,########,11.75,1,0
20,105,########,12.5,1,0
19,114.6,10.75,10,1,0
19,114.6,13.25,10.25,1,0
18,131,1.373.125,1.373.125,1,1
23,109,########,########,1,1
21,132,12,10.8,1,0
23,130,########,########,1,0
19,109.5,13.025,########,1,0
18,115.9,13,########,1,0
19,131.6,11.8,12,1,0
25,120,########,########,1,1
19,109.7,12.2,13,1,0
19,136.4,128.375,15.5,1,1
24,120,11,11.7,1,1
18,132.6,13.5,14,1,1
19,112.9,12.125,########,1,1
18,134.3,########,########,1,1
27,123.2,########,11.4,1,0
19,117.2,11.2,11.6,1,0
18,129.8,########,########,1,1
34,158,13.5,0,0,0
18,116.5,########,11,1,0
18,121,10.5,########,1,0
18,133.8,1.426.875,1.426.875,1,0
20,115,0,0,0,0
19,131.8,10.5,########,1,1
21,121,11.2,10,1,0
26,152.4,12,########,1,0
27,110.2,########,132.125,1,0
20,113.5,11.5,10.75,1,0
18,144.4,15.375,########,1,0
23,143.3,########,13.5,0,0
24,100,########,########,1,0
19,126.3,12.2,11.5,1,1
19,115.9,11.75,11,1,0
19,114.9,11.4,10,1,1
18,121,10.6,10,1,0
22,112.3,########,########,1,0
20,127,12.4,12.4,1,0
25,120,0,0,1,0
21,180,########,15.5,1,0
19,117.4,11.8,########,1,0
18,115.8,########,########,1,0
18,136.5,12,13.25,1,0
19,129,133.625,########,1,0
19,137.6,15.4,16,1,1
18,129.5,12.2,11.75,0,0
20,129.1,########,########,1,1
19,130.2,0,0,1,0
28,134.3,########,########,1,0
20,138.4,14.25,11,1,1
30,120,########,########,1,0
19,123.5,########,117.375,1,1
22,116.1,########,13.2,1,0
18,110.8,########,13.5,1,0
23,142.8,10,11,1,0
18,155.5,14,15,1,0
18,126.7,########,12,1,0
50,163.5,15,0,0,0
19,161.9,0,0,1,1
22,123.3,########,########,1,0
23,137.5,########,14,1,1
20,166.6,14.4,14,0,1
44,103.5,0,0,0,0
49,110,12,########,1,0
46,128.2,12.2,12.8,1,0
41,137.7,########,11,0,0
18,128.8,118.375,1.248.125,1,0
43,170,11.8,14,1,0
70,116.4,0,0,0,0
48,100.9,0,0,1,0
41,136,########,########,1,0
21,130,########,13,1,0
35,100,11.25,0,0,0
44,157,14,15.5,1,0
18,152.1,########,13.5,1,0
45,162.9,########,########,1,0
20,137.2,10,10.8,1,0
22,140,12.6,########,1,0
39,146.5,########,17,1,0
20,130,13.2,12,0,0
49,128,14,########,1,0
43,190,13.875,12.5,1,0
32,133.2,0,0,1,0
47,124.3,########,########,1,0
37,138.1,13,########,1,1
41,144.3,12.5,########,1,0
60,140,########,########,1,0
47,148.3,########,########,1,0
50,96,0,0,0,0
45,121.7,0,0,1,0
45,160,0,0,0,0
33,110.3,13.5,11.6,1,0
18,129,########,########,1,0
43,150,13.5,14.4,1,0
44,100,########,12,1,0
29,107.5,0,0,1,0
53,170,########,0,0,0
37,123,15.8,17.6,1,0
18,138.5,13.8,12.4,1,0
35,140,########,12,1,0
23,113.6,13,12,1,0
22,170,0,0,1,0
33,115.5,11,0,0,0
41,130,0,0,0,0
51,140,15.2,16.575,1,0
19,126.6,########,14.375,1,0
35,143.2,0,0,1,0
20,131.4,0,0,1,0
18,133.3,13.75,11.2,1,0
18,118.3,########,12,0,1
21,140,########,########,1,0
21,124.7,12,11.6,1,0
34,140,########,12.75,1,0
34,150,0,0,1,0
21,115.6,11.875,12,1,0
32,116.9,########,########,1,0
30,123.4,10,########,1,0
19,146.5,12,########,1,0
20,117.1,########,13,1,0
18,113.9,0,0,1,0
19,128.7,########,12.5,1,0
18,132.9,14.2,12.4,1,0
27,123,11.5,########,1,0
52,129.8,13,15,1,0
29,156.1,0,0,0,0
22,120,########,11,0,0
28,117.2,12.5,########,1,0
30,107,0,0,1,0
18,128.4,########,########,1,0
21,123.4,11.75,########,1,0
20,126.7,########,########,1,1
21,123,13.105,13.105,1,1
32,137.2,0,0,0,0
20,125.9,15.5,########,1,1
19,138,0,0,0,0
18,128.2,11.25,########,0,0
23,126.5,11,########,0,0
20,112.4,########,13,1,0
46,109,11.375,11.8,1,0
27,100,########,########,1,0
20,144.7,0,0,1,0
41,120,12,12,1,0
40,100,11,10,1,0
37,154,14.125,13,1,0
20,111.3,10.2,11.2,1,0
20,150,12,12.4,1,0
26,100,########,########,1,0
54,162.5,########,########,1,0
21,134.1,########,14,1,0
20,133,########,########,1,1
18,119,0,0,1,0
19,131.1,########,########,1,0
18,129.4,########,########,1,0
19,123.9,11.8,12.2,1,0
22,140,12,12,1,0
19,162,15,15.625,1,0
21,131.6,13.875,12.7,1,0
20,110.6,########,########,1,0
18,117.4,12.5,########,1,1
18,137.8,15,15.5,1,1
20,106.7,########,10.5,1,0
18,156.9,14.668,1.463.375,1,1
18,129,13.345,13.345,1,0
20,124.8,12.8,########,1,1
19,115.1,########,########,1,0
18,146.7,########,14,1,0
18,132.8,########,########,1,0
18,159.1,14.4,14,1,1
20,137.6,0,0,1,1
19,124,########,########,1,1
36,149,11.5,0,0,0
19,129.6,########,########,1,1
18,110,12,13.6,1,0
18,116.1,########,########,1,1
18,133.3,########,########,1,1
19,144.3,13,########,1,0
18,133.6,########,12.95,1,0
19,123.2,########,########,1,1
18,137.2,########,12.75,1,0
22,130,11,12,0,1
18,110,0,0,0,0
19,118,13.6,12.2,1,0
18,128.4,15.5,14,1,0
19,113.6,########,########,1,0
20,113.5,11.5,10,1,0
18,146.9,13,########,1,1
23,141.3,14,13,0,0
20,129.7,0,0,1,0
20,121.3,########,11.5,1,0
22,109.1,0,0,0,1
18,107.1,########,########,1,1
18,129.2,########,########,1,1
18,154.1,14.45,########,1,0
18,147.2,########,15,1,0
21,120,12.8,########,1,0
20,130.8,12.5,11.5,1,0
18,120.8,14.5,########,1,0
20,125.4,########,########,0,1
25,121.3,########,########,1,0
18,127,12,11.6,1,1
19,151.6,0,0,1,0
20,131.6,########,13.2,1,0
20,106,########,########,1,1
21,111.6,12.5,11.5,1,1
18,117.3,14,14,1,0
18,121.4,########,########,1,0
18,126.1,########,########,1,1
18,137,14.25,14.25,1,0
19,120.8,0,0,1,0
20,128.7,########,11,1,0
47,118,0,0,1,0
21,120,13.2,12.5,1,0
31,160,12,10,1,0
46,150,0,0,1,0
18,121.8,12,11,1,0
19,125.4,########,10.75,1,0
23,126.6,########,13.5,1,0
22,150,0,0,0,0
19,114.5,13.8,12.4,1,0
19,107,0,0,0,0
22,115.7,11.5,14,0,0
29,120,0,0,0,0
18,134.8,########,########,1,0
18,133.6,11.4,10.8,1,0
23,129,0,0,0,1
34,128.4,10.4,12,1,0
19,122.2,########,10.25,1,0
18,113.3,14.25,########,1,0
20,129.9,########,1.410.625,1,1
19,126.2,########,1.282.375,1,0
22,112.6,12.6,11.25,1,0
23,149,########,########,1,1
34,120,########,########,1,1
18,120.4,0,0,0,0
21,128.1,11.8,0,1,0
22,141.7,########,########,1,0
28,130,0,0,1,0
23,113.3,0,0,1,0
20,105.9,10.75,10,1,0
18,122.7,12.6,13.25,1,0
28,120,0,0,0,0
21,119.8,12,########,1,0
25,122.9,14,14.5,0,0
19,160,14,13.5,0,0
18,125.2,########,########,1,1
29,143.4,0,0,1,0
29,96.7,0,0,1,1
20,126.9,########,12.8,1,0
18,143.1,0,0,1,0
20,114.5,########,12.5,1,0
33,140,18,13,1,0
30,113.7,########,########,1,0
21,131.5,11.2,########,1,1
18,143.5,15,14.5,1,0
19,126.8,########,########,1,1
21,115.2,11.5,11,1,1
25,100,10,0,1,1
19,121.4,########,11.6,1,0
23,120,12.2,########,1,0
19,129.9,########,13.2,1,1
19,151.1,0,0,1,0
31,120,11,0,0,0
32,130,13,########,0,0
19,119,########,########,1,1
34,122,12.2,########,1,0
21,129.7,########,13,1,0
53,112.5,11,11,1,1
19,136,########,15.35,1,1
20,133.1,13,11.25,1,1
18,151.3,14,########,1,0
32,133.3,0,0,0,0
21,130.8,########,########,1,1
26,140,0,0,0,0
26,150,########,########,1,0
21,130,########,13,0,0
18,125.3,12.5,13,1,0
21,124,########,########,1,1
21,113.8,########,11,1,0
19,124.4,13,14,1,1
19,107.7,10,14,1,0
19,110,########,11.2,1,1
27,130,128.875,128.875,1,0
18,138.8,12.95,12.95,1,1
20,126.3,10,0,1,0
19,114.5,########,12.55,1,1
20,116.5,0,0,1,0
19,128.6,########,11,1,1
20,130,11.25,10,1,0
20,134.6,0,0,1,0
18,146.8,########,########,1,0
20,135.7,12.75,13.4,1,0
38,120,10.6,11,0,0
42,138,11.2,12,1,0
32,135.5,0,0,1,0
22,120,13,########,1,0
28,111.7,0,0,1,0
37,100,0,0,1,0
43,160,########,15,1,0
41,114.8,########,########,1,1
29,131,11.75,10.4,1,1
35,97,########,11.5,1,1
18,131.7,11.75,12.25,1,0
39,120,11.5,10.5,0,1
37,110,10,########,1,0
26,133,13.7,13.7,1,1
32,140,14,0,1,0
37,100,11.375,########,1,0
28,129.3,0,0,1,0
19,137,0,0,1,0
18,122.2,11,12.5,1,0
19,108,13,########,1,1
32,110,13.6,########,1,0
31,127.7,11,11.5,1,0
34,121.3,########,########,1,0
20,140.1,13.25,########,1,0
28,114.8,10.75,10,1,0
31,150,12,########,1,0
18,131.7,########,12.25,1,0
31,110,11.4,11,0,0
19,105.5,13,12.4,1,0
19,127.3,14,########,1,1
31,130,0,0,1,0
34,130,0,0,1,0
18,122.7,########,16.075,1,1
18,113.9,########,########,1,0
19,151.1,13.6,########,1,0
22,125.8,0,0,0,1
32,128.2,11.4,11.5,1,0
61,135.1,0,0,1,0
30,120.2,11,11.6,1,0
45,132.8,0,0,0,0
20,140,########,########,1,0
19,129.3,0,0,1,0
26,108.2,11.25,12,1,0
19,125.4,########,11,1,0
19,140.2,12,########,1,1
19,116.1,12.5,13,1,0
19,137.8,13.2,########,1,1
19,128.4,0,0,0,0
28,106,########,11.5,0,0
24,130.2,########,########,1,0
18,126,########,13.2,1,0
18,141,########,12.5,1,0
18,113,########,10.2,1,1
21,120,13.4,12.4,1,0
28,130.9,0,0,0,0
58,120,0,0,1,0
49,134.1,0,0,0,0
24,120,########,10.5,1,0
25,114.8,13.75,14.75,1,0
33,123,10,0,1,0
33,118,0,0,0,0
40,100,16,15.5,1,0
48,151.1,########,11.125,1,0
18,116.9,12,########,0,0
24,106,########,########,1,0
23,127.1,11.8,13.25,1,1
39,155.5,10.6,########,0,0
21,101,11.9,12.25,1,0
34,128.2,11.25,10.5,1,0
41,113,11,11.4,1,1
18,122.8,12,12.5,1,0
34,145.6,11.75,########,1,0
19,116.5,10,16,1,0
19,142,########,########,1,0
28,150,14.875,15.8,1,0
18,133.3,10.8,0,1,0
19,115.8,12,10,1,0
19,100,12.5,13.5,0,0
18,128.6,########,########,1,0
18,137.1,12,14.8,1,0
18,149,########,11,1,0
19,147,########,13.5,1,0
31,150,12.5,14.6,1,0
33,103.5,########,########,1,1
20,107.8,14.46,13.55,1,1
22,130,12.8,11.5,1,0
19,109.4,########,13.4,1,0
18,143.6,12.5,13,1,0
18,124.3,0,0,1,0
18,119.5,0,0,0,0
18,175.6,0,0,1,0
19,116.1,11.2,11,1,1
18,126.6,16.5,########,1,0
18,130.8,########,12,1,0
18,133.5,########,########,1,1
21,136.9,########,########,1,0
18,142.3,########,########,1,1
18,114.3,13.875,########,1,0
18,122.9,13.128,########,1,0
20,117.2,11.605,124.125,1,0
18,152,14.6,12,1,1
18,122.2,0,0,1,0
20,101.7,11.8,11.6,1,1
20,119.9,########,########,1,0
19,123.7,11,0,1,1
19,121.8,########,########,1,1
18,106.1,11,0,0,1
19,124.3,########,########,1,1
20,124.3,1.298.125,1.298.125,1,1
21,117.4,########,11.2,1,0
21,112.7,11.68,11.68,1,0
20,123.7,14.5,13.5,1,0
19,105.8,########,########,1,0
21,124.2,11.5,10.5,0,0
18,122.3,14.2,11.8,1,0
19,123.7,########,12.2,1,1
18,129.8,13.175,14.875,1,0
19,123.8,########,########,1,1
18,126.4,10.6,10.5,1,1
18,115.1,12,10.75,1,1
18,138.4,########,########,1,0
18,118.2,13.25,########,1,1
18,121.7,13,0,1,0
18,118,########,14,1,1
18,119.8,0,0,1,0
18,164.9,14,########,1,0
20,100,12,########,1,1
18,121.6,########,10.6,1,0
18,120.4,11.8,10.4,1,0
20,117.8,########,########,1,1
40,110,11.625,11.2,1,0
18,128.8,########,########,1,1
19,116.6,11.6,12.2,1,0
24,120,0,0,1,0
19,157.5,########,########,1,0
19,136.3,14.1,14.1,1,0
20,121.5,########,########,1,1
18,133.9,########,160.875,1,0
18,136.8,0,0,1,1
19,133.5,14.05,15.1,1,0
18,130,14.85,15.2,1,0
19,140,13,13,1,0
19,132.7,147.875,158.625,1,1
19,117.8,13.7,########,1,1
19,126.1,########,########,1,1
19,120,########,########,1,0
25,100,11.2,11.25,0,0
20,116.8,########,########,1,0
23,128.3,########,13.25,0,0
20,117,0,0,1,0
27,131.5,11,########,1,0
18,134.8,14.445,14.445,1,0
18,146.6,13.6,11.75,1,0
23,130,14,14.625,0,0
19,127.5,########,########,1,1
18,123,########,11.4,1,0
20,100,13.1,148.125,1,0
18,114.2,13.2,12.8,1,0
19,123.5,14.75,14.75,1,1
19,144.3,########,########,1,1
19,142.2,12.5,12.5,1,0
18,161.9,13.75,########,1,0
18,135.9,12.4,13,1,0
18,110.1,########,12,1,0
28,122.5,########,12,0,0
19,138.1,12.5,14,1,0
20,117.3,0,0,1,0
19,106.8,########,########,1,1
20,120.1,########,########,1,1
19,116.5,13.2,11,1,1
21,120,12.2,12.6,1,0
19,139.7,########,########,1,1
18,123.7,########,12.625,1,1
19,116.5,0,0,1,0
19,122.2,########,########,1,1
20,146,11,########,1,0
18,108.8,11.4,########,1,0
18,133,0,0,1,0
18,123.8,12,12,1,0
18,120,0,0,1,0
18,126.9,11,########,1,0
20,121.3,12,########,1,0
19,129,########,12.55,1,1
21,114.9,########,########,0,0
20,106.5,0,0,0,0
18,133.9,12.2,11.25,1,0
20,124.9,########,########,1,1
19,128.5,1.407.125,1.407.125,1,1
22,126.2,14.25,13.2,1,0
22,121.7,0,0,0,0
18,120,12,10.25,1,0
21,113.2,########,########,1,0
19,120.3,13,11.6,1,0
19,127.8,0,0,1,0
20,123.3,########,########,1,1
18,126.3,12.65,########,1,1
22,128.2,11,10.6,0,0
20,134.9,12.4,########,1,0
19,140,12,########,1,0
19,115.5,########,########,1,1
20,106.7,12.62,12.5,1,1
25,140,########,########,1,0
19,136.6,########,########,1,1
19,119.3,1.311.625,1.311.625,1,0
19,152,0,0,0,0
20,144.3,12.7,########,1,0
25,159,########,11.7,1,0
20,129.5,########,########,1,1
24,140,15.75,16.4,1,0
20,105.4,########,13.2,1,0
21,136,########,1.349.375,1,0
19,160,13,13,1,1
19,139.1,########,13.5,1,1
21,126.9,13.2,13,1,1
28,184,########,########,1,0
19,125,10.6,11,0,1
18,138.5,14,13.6,1,1
18,133.5,########,########,1,1
18,141.5,1.305.875,1.305.875,1,1
22,130,########,########,1,0
19,131,11,########,1,0
18,145,########,151.625,1,1
20,114.3,0,0,0,0
26,108.3,11.25,11,0,0
18,125.2,14,13.625,1,1
21,131.7,########,########,1,1
18,126.3,########,########,1,0
20,147.6,########,14.25,1,0
18,125.1,13.37,########,1,0
19,123.8,12.4,11,1,1
20,130.8,15,13.75,1,0
18,154.1,########,########,1,1
20,122.6,12,12.625,1,1
22,103.5,13.4,12.2,1,0
18,132.8,0,0,1,0
21,100,11.5,11.4,1,0
18,115.8,12,########,1,0
18,133.8,########,########,1,0
18,118.5,12,########,1,1
19,150.3,0,0,1,0
19,107.8,########,########,1,0
19,127.5,12.94,13.76,1,0
19,120.5,########,########,1,0
19,117.3,12.25,12,1,0
19,120.6,########,10,0,0
21,118.7,########,12.5,1,1
20,130.8,11.8,########,1,1
20,112.6,14.2,########,1,1
41,117.2,11,11.8,1,0
32,130,13.625,126.375,1,0
18,131.8,########,########,1,0
35,97,########,########,1,1
32,130,13.7,0,0,0
37,148,########,14.75,1,0
30,103.4,11.75,########,1,0
23,127.1,########,13,1,0
20,124,14,########,1,1
21,121.4,11.5,11.75,1,0
19,118.1,11.2,13.2,1,0
18,121.3,15.07,15.07,1,1
18,119.5,10,12,1,0
24,115.2,12,########,1,0
22,130.2,13,12.6,1,0
18,130,11,11.25,1,0
18,126.9,########,########,1,0
21,168.5,14.6,14.2,1,0
38,130,########,10,1,0
19,122.8,12.625,125.125,1,1
36,110,11.5,########,1,0
18,127.1,13.25,10.5,1,0
19,108.5,1.260.625,11.9,1,0
21,138.2,13.75,13.2,0,0
19,96,########,########,1,0
18,124.5,########,########,1,1
45,120,12.7,########,1,0
20,132.3,10,11,1,0
18,120.7,########,11.5,1,0
18,132.6,14,########,1,1
25,140,0,0,1,0
19,124.5,########,########,1,0
18,142,0,0,1,1
39,130,########,########,1,0
29,144,########,########,1,0
18,128.5,11.5,########,1,0
23,140,10,0,0,0
21,113.9,12.25,########,1,0
18,137.2,14.5,########,0,0
23,140,########,16.375,1,0
18,152.3,########,########,1,0
32,112.5,13.8,########,1,0
29,101,########,14.8,0,0
20,112.3,11.6,11.75,1,1
28,114,13,0,0,0
27,130,12,13.625,1,0
22,121.5,########,########,1,0
37,120,12.875,12.9,1,0
28,130,11,0,0,0
43,125.7,12.25,10.5,0,0
32,128,0,0,0,0
20,113.2,10.75,11.5,1,1
35,120,13.63,13.63,1,1
21,117.8,13,11.5,1,0
18,121.3,########,########,1,1
18,169.7,16.9,########,1,1
18,117.7,12,12,1,0
22,121.8,12.5,########,1,0
19,128.3,########,########,1,0
18,132.2,13.75,########,1,1
19,134.3,0,0,1,0
18,123.4,########,########,1,1
31,121.7,0,0,0,0
33,130,########,12.5,1,1
19,126.5,1.357.625,1.357.625,1,1
18,159.7,########,########,1,1
23,151.3,########,11.6,1,0
20,138,11.2,12,1,0
18,126.5,1.376.375,1.376.375,1,0
21,140,13.25,12.2,1,0
22,112.3,########,12.2,1,1
20,127.3,########,########,1,0
23,130,########,########,1,0
19,115,########,########,1,0
19,131.5,########,########,1,0
26,125.7,12,11,1,0
18,126.8,########,########,1,0
18,132.4,16,0,1,0
20,150,13.125,13.2,1,0
19,95,0,0,1,0
32,128.2,11.4,11,0,0
31,130,11,########,0,0
25,100,11,10,1,0
21,159.9,########,13,1,0
31,100,11.75,10,0,0
34,116.5,10,13,1,0
18,120,13.5,########,1,1
19,117,0,0,1,0
21,140,12,11,1,0
18,118.1,13,11.8,0,0
20,153.5,########,16,1,0
20,127.9,########,########,1,0
18,118.8,12,########,1,1
19,126.7,12.75,########,1,0
19,170,0,14.75,1,0
30,110,0,10,1,1
19,115,12,########,1,0
19,119,########,13.8,1,0
19,121.8,13.6,13.6,1,1
19,133.4,16,15.875,1,0
20,131.4,11.8,11.5,1,0
25,135,0,14,1,0
19,122.8,0,0,1,0
34,140,########,16.2,1,1
18,125.3,########,########,1,1
18,126.3,1.342.375,1.342.375,1,1
20,100,12.5,########,1,0
20,121.3,########,########,1,1
23,135,12.375,12.6,1,0
28,120,10,0,1,0
18,113.7,12.6,########,1,0
19,129.7,12.6,12.4,1,0
34,132.1,10,12,1,0
35,120.3,0,0,1,0
32,120,11.6,########,1,0
19,123.1,########,13.5,1,0
18,119.4,13.6,########,1,0
35,140,12.5,11.8,0,0
24,116.5,12.25,11.5,1,1
20,113,########,12.625,1,1
18,133.9,13.5,13,1,1
20,115.5,########,########,1,1
18,116.5,0,0,0,0
18,171.2,########,########,1,1
20,119.1,11,11.5,1,1
19,121.1,########,12.5,1,0
20,132.9,11.375,13.8,1,1
19,132.8,########,########,1,0
20,126.7,12.6,11.5,1,0
22,105.8,########,########,1,0
18,117.2,13.5,13.625,1,1
19,140,########,########,1,0
22,120,11.75,10,1,0
20,119.5,14.8,17.6,1,0
34,153.9,0,0,0,0
24,130,10,0,1,0
26,107,0,0,1,0
35,132.8,12.6,12.38,1,0
22,127.5,########,11.8,1,0
26,123.3,10,12,1,0
19,122,########,0,1,0
19,114.8,0,0,0,0
20,140,0,0,1,0
21,111,12.1,########,1,0
19,133.2,########,15,1,1
18,123,########,########,1,0
23,150,########,13.3,1,1
18,132.3,13.4,12.2,1,1
18,126,########,########,1,0
19,119.3,########,########,1,0
21,133.8,########,########,1,0
18,126.5,########,13.875,1,1
24,138.4,########,########,1,1
18,129,12.65,########,1,0
18,118.3,########,12,1,0
20,129.8,14.37,14.65,1,0
19,113.6,12,11.75,1,0
18,128.3,12,########,0,1
19,130,12,11,1,1
19,121.9,12.6,11.2,1,0
18,129.4,########,########,1,0
20,115.3,13.5,14,1,0
18,125.5,1.376.375,1.376.375,1,1
19,117.8,12.4,12.8,1,1
18,118.7,########,12,1,0
18,139,########,########,1,0
21,98.9,12.5,########,1,0
19,137.7,10,0,0,0
21,113.6,1.469.625,########,1,0
18,113.4,11.5,13.75,1,0
18,128.5,########,139.125,1,1
18,142.8,13.7,########,1,0
23,137.7,0,12,0,0
20,103.5,11.2,12,1,0
18,123.2,########,########,1,0
19,126,13,10.4,1,0
27,121.7,12.6,########,1,1
19,142.8,12.8,12,0,1
21,120,11.5,11,1,0
19,119.3,11.4,11.4,1,1
21,121,########,########,1,1
18,139.4,12.8,12.2,1,0
20,113.9,12,15,1,1
18,124.6,13,13.5,1,1
18,123.8,########,11,0,1
18,126.3,14,########,1,0
18,120.4,########,13.5,1,1
19,120.5,13.04,12.5,1,1
23,144.9,########,########,0,0
24,139.9,12.5,########,1,1
19,133.3,0,0,1,0
18,126,########,########,1,0
19,133.5,########,########,1,0
19,127.9,0,0,1,0
20,105.9,10.6,########,1,1
20,124.3,########,########,1,0
26,102.5,11.75,0,1,0
36,97,0,0,0,0
19,134.7,0,0,0,0
27,113.8,0,0,0,0
18,116.9,13,0,1,0
18,124,########,########,1,1
28,117.5,0,0,1,0
21,154.8,0,0,1,0
19,141,13.7,13.7,1,0
26,120,0,0,0,0
20,133.6,########,13.875,1,0
19,122,12.2,12.2,1,0
21,120,10,11,1,0
23,114.2,13,########,1,1
29,95.5,12,14,1,0
20,120,########,########,1,0
18,111.1,12,########,1,0
19,128.6,12,12.4,1,0
23,130,########,########,0,0
21,111.1,0,0,1,0
18,122.7,12,12.5,1,0
18,134.4,0,0,1,1
21,131,14,0,0,0
22,125,0,0,1,0
21,106,12.375,########,1,0
32,128,0,0,0,0
27,120,########,########,1,0
18,134.8,13.35,13.35,1,0
24,112,15,16,1,1
22,116.1,10.5,0,1,0
22,120,0,0,0,0
19,119.7,13.25,########,1,0
19,117.1,0,0,1,0
21,112.4,11.5,10.6,1,0
18,131,1.388.125,1.388.125,1,1
18,130.9,########,12.6,1,0
20,134.9,0,0,1,0
19,127.1,########,########,1,0
19,110.2,11.6,12.5,1,0
18,108.7,11.4,########,1,1
20,138,########,13,1,0
22,147.7,########,########,1,1
31,123,########,########,1,0
19,142.8,########,########,1,1
18,138.3,0,0,1,0
18,125.2,########,12.4,1,1
21,141.8,14.4,13.8,1,0
18,130.6,13.15,1.506.875,1,1
25,130,0,0,0,0
21,100,0,0,1,0
19,119,########,########,1,1
19,124.3,12.2,10.8,1,0
22,122.2,10.5,11,1,0
19,150,10.6,11.6,1,0
58,135.5,0,0,1,0
19,127.3,11.25,12,1,1
23,127,10.5,11.7,1,0
19,126.9,11,########,1,1
18,127.5,########,145.125,1,0
20,122,12.6,########,1,0
18,115.8,0,0,0,0
18,121.6,########,13.6,1,0
18,116.4,11.6,11.8,1,1
24,120,########,########,1,0
18,127.3,11.8,11.4,1,0
19,123.5,11.6,########,1,1
19,125.6,########,########,1,1
18,118.5,########,11.5,1,0
18,129.5,13.5,13.4,1,0
19,134.6,0,0,1,1
22,140,########,11.5,1,0
19,133.2,13.4,13.5,1,0
21,133.5,10.2,12.25,1,1
21,117.9,13,########,1,1
18,128,########,########,1,1
20,113.2,12,10,1,0
18,122,########,11,1,1
19,156.9,########,########,1,0
18,125.1,########,12.875,1,1
26,100,13,14,0,0
19,160,13.5,11,1,0
35,101,12.5,########,1,0
19,121.5,13,########,1,1
18,126.8,11.75,########,1,0
19,132.9,12.5,14.25,1,0
25,134.3,########,########,1,0
18,120.5,14,########,1,0
26,144.1,0,0,0,0
34,100,13.8,########,1,0
18,114.8,0,0,0,0
18,111.9,0,0,0,0
18,125.4,12.25,########,1,1
20,140,11.5,########,1,0
25,140,########,########,1,0
18,127.8,12,########,1,0
19,131.6,12,########,1,0
20,119.4,0,0,1,0
20,129.9,12,########,1,1
20,114,11.6,12.25,1,0
19,113.4,0,0,1,1
20,117.8,12,13,1,0
18,114.3,########,########,1,0
19,129.7,12.5,10,1,0
20,112,0,0,0,0
24,140,10.5,12.5,1,0
20,150,########,12.3,1,0
19,122.4,########,12,1,0
23,150,13,10,1,0
20,135,########,10.4,1,0
21,116.2,########,12.75,1,0
20,120.4,11,0,1,0
21,122.9,13.2,14.25,1,0
18,155,15.5,########,1,1
18,123.4,########,########,1,0
18,124.2,12,11.4,1,0
20,130,11.6,11.5,1,0
18,126.2,########,########,1,1
19,120.5,0,0,1,0
20,123.7,12,12.5,1,0
19,122.5,12,12.6,1,0
33,139.2,12.5,11.5,1,0
21,131.2,########,13,1,0
25,120,14.5,0,0,0
20,116.7,13.2,0,1,1
22,150,########,14.8,1,1
39,117.5,11.25,########,1,0
21,137.6,########,########,1,1
19,124.3,########,13.4,1,1
26,116,########,########,1,1
19,121.4,10.75,11.5,1,1
20,142.8,########,########,0,1
25,96,########,12.2,1,1
24,125,0,0,1,0
20,126.1,13,########,1,0
29,155.8,########,13.5,1,0
20,116,11.5,11,1,0
20,110,10.75,10.5,1,0
24,97.2,11.6,13,1,1
24,100,0,0,1,0
23,140,13.8,########,1,0
20,128,########,146.875,1,0
19,115.3,########,13,1,0
28,150,12,########,1,0
20,160,########,12.6,1,1
18,133.1,14,########,1,0
20,119,12,0,1,0
33,156,14.2,########,1,0
35,163.7,13.34,10.84,1,0
27,130,########,########,1,0
19,123.1,11,12,0,0
31,160,10.5,10.5,1,1
19,136.1,0,0,1,0
22,132.7,14,13,1,0
39,128.2,0,0,1,0
22,126.7,0,0,0,0
47,150,10,12.5,1,0
19,156.3,0,0,1,1
19,116.1,13.5,########,1,0
19,123.8,0,0,1,0
21,153,########,########,1,1
39,140,0,0,0,0
19,131.9,########,########,1,0
20,141.4,0,0,1,1
24,140,0,0,0,0
27,115,10,0,1,0
29,168,15.2,15.2,1,0
20,101.3,12.8,0,1,0
21,122.6,########,11,1,0
18,141.7,0,0,1,0
19,132.3,########,########,1,0
19,111.7,12.5,12.6,0,0
28,98.7,10,12.4,1,1
21,140,11.5,13.25,0,0
23,140,########,########,0,0
39,100.7,13,13,1,0
18,133.8,########,########,1,0
59,100,########,11.75,1,0
30,180,14.5,16.2,1,0
18,130.8,14.4,13.6,1,0
41,140,12.25,12.5,1,0
27,106.2,0,0,1,0
18,125.6,########,12,1,1
20,117.5,12,########,0,0
32,122.5,0,0,0,0
19,132.9,########,10.8,1,0
41,103,0,0,1,0
38,107,10,0,1,0
35,100,0,0,1,0
27,100,12.25,12,1,0
19,131.3,12,12.5,1,0
18,122.2,12.6,11.8,0,0
39,118.4,0,0,0,0
37,100,0,0,0,0
37,110,0,0,0,0
35,100,126.875,12,1,1
49,106.2,10.4,########,1,0
52,110,########,########,1,0
18,122.3,########,13,1,0
30,112.5,########,########,1,1
21,98.1,########,1.423.125,1,0
20,140.2,0,0,1,0
18,143.6,0,0,1,0
19,134.6,0,0,1,0
18,126.8,1.324.875,1.324.875,1,0
20,100,########,12.75,1,0
21,130,13.6,14.25,1,0
22,113.6,14,12.4,1,1
20,140,12,11,0,0
20,106,########,14,1,0
19,126.6,13.625,########,1,1
18,130.7,14.85,########,1,1
21,105.9,10.75,11.4,1,0
19,137,0,########,1,0
37,100,0,0,1,0
45,114.4,14,########,1,0
38,120,0,0,0,0
55,119,0,0,0,0
28,110,13,11.75,0,0
46,120,12.375,12.4,1,0
22,119.8,0,0,1,0
46,135.6,11.4,13.75,1,0
28,120.7,11.25,13,1,0
18,136.3,13,12,0,0
18,164.3,0,0,1,1
21,149.2,13.5,########,1,1
18,122.5,11,11,1,0
34,100,0,11,1,0
21,125,12,11.2,1,1
18,131,13,13,1,1
20,122,0,0,1,0
18,131.3,12,12.25,1,0
21,117,########,10.8,1,0
19,118,10.5,12,1,0
22,126,########,########,1,0
23,120,11,0,1,0
19,155.6,0,0,1,0
18,122.8,11.5,########,1,0
19,127.3,0,0,0,1
19,118.4,10.5,11.75,1,0
19,128.1,12.5,11,1,0
22,99,########,12.5,1,0
18,161.2,########,########,1,1
18,140.9,12,11.8,1,0
19,111.1,11.25,########,1,0
18,149.9,0,0,1,0
21,111.3,########,14.25,1,0
18,121.5,11,########,1,0
19,120,########,13.6,1,0
27,120,11.5,0,0,0
20,130,########,11.625,1,0
20,98.9,13,13,1,0
18,136.3,128.875,128.875,1,0
18,125.2,########,13.6,1,0
18,130,########,########,1,0
18,141.5,########,12.5,1,0
18,123.9,13,12.4,1,0
18,114.5,########,1.228.125,1,0
37,100,0,0,0,0
36,110.5,########,11.5,1,1
26,101,########,11,1,0
19,121,13.75,14.5,1,0
24,95,11.4,11.8,1,0
19,126.9,########,13,1,1
20,116.3,########,11.8,1,1
19,120,14.125,14.5,1,0
21,123.6,########,13,1,0
50,150,10.25,11.25,0,0
47,120,########,11.75,1,0
24,111.3,11.5,########,1,0
48,150,10,0,0,0
18,123.2,########,########,1,1
32,130,12.5,11,1,0
20,137.9,12,12.75,0,0
24,100,0,0,1,0
53,120,12.25,11.75,1,0
42,131,0,0,0,0
52,133.8,13.6,14.2,1,0
54,100,########,########,1,0
49,150,12.2,11.8,1,0
18,126.4,########,########,1,1
37,154,12,13,1,0
21,114.9,########,11.65,1,1
26,110,0,0,1,0
20,149.8,########,########,1,0
19,117.9,121.375,########,1,1
18,165.8,########,########,1,0
18,127.6,########,########,1,0
20,123.8,12,11,1,0
20,126.1,11.4,11,1,0
21,119.7,0,0,1,0
22,121.6,########,14.5,1,0
18,100,136.375,143.875,1,1
18,127.6,12.9,########,1,0
19,132.5,14.36,14.36,1,1
19,124.3,########,########,1,0
18,131,14.7,14.7,1,0
27,120,15.2,14,1,0
20,113.3,13,150.625,1,1
20,121.9,13.5,0,1,0
20,118.3,########,12.6,1,0
19,118.8,13.4,13,1,0
20,129,11.75,10.5,1,0
20,143.3,0,0,1,1
20,152.5,0,0,1,0
27,155.7,########,########,1,0
18,153.9,########,########,1,0
18,137.8,15.145,157.425,1,0
18,143.3,########,15.075,1,1
20,123.2,########,11.75,1,0
19,138.1,14,15,1,0
20,140.5,########,########,1,1
18,130,1.376.125,1.376.125,1,0
22,104.8,11.6,10,0,0
22,132.5,12.75,13,1,1
25,127.7,12.5,11,1,0
19,136.5,########,14,1,0
21,130,########,12,0,0
27,190,########,########,1,0
18,128.5,########,########,1,0
18,126.6,10.4,0,0,0
19,131.6,0,0,1,0
35,119,10.5,12.6,1,1
23,127.6,14.25,13.4,1,0
28,100,########,0,1,0
19,124.5,########,14,1,0
19,109.3,12.25,########,1,0
20,117.7,12,11.6,1,0
21,124.7,11,12.75,1,0
18,124.5,########,13,1,0
22,140.8,########,15,1,0
21,111.9,0,########,1,0
38,140,########,0,0,0
20,121.2,0,0,1,0
19,123.8,0,0,1,0
24,134,0,0,1,0
19,130.8,0,0,0,0
19,130.2,13.7,########,1,1
19,123.3,11.8,12.4,1,0
31,147.6,0,0,1,0
19,113.4,########,########,1,1
22,133.7,11.4,########,1,0
25,128.2,0,0,1,0
18,161,########,0,1,0
30,130,0,0,1,0
18,156.3,1.563.375,1.563.375,1,1
18,129.3,########,14.5,1,0
18,129.3,0,0,1,0
18,136.3,12.5,11.5,1,0
25,140,########,13,1,1
18,135.9,14,11,1,0
18,139.7,0,0,1,0
19,117,10.75,12.25,1,0
25,105,12.95,13.125,1,0
19,130.5,12.45,12.45,1,0
31,130,12.25,12,1,0
20,131.5,1.338.125,1.338.125,1,1
33,100,12.16,11.34,0,0
24,140,12.5,11.5,0,0
18,130.2,12.75,########,1,1
19,133.5,133.425,133.425,1,0
20,133.2,14.175,1.303.125,1,1
33,130,10,10,1,1
24,129,0,14.5,1,0
24,100,0,0,1,0
18,116.5,12,########,1,0
18,124.2,########,11.4,1,1
22,138.8,########,########,1,0
18,126.4,########,12.4,1,1
21,151.9,12,########,1,0
38,120,########,12,1,0
29,131.9,########,########,1,1
20,130,12,10.75,1,1
18,131.7,0,0,0,0
37,132.5,12.25,########,1,0
20,116.5,11.6,12.8,1,0
20,133.9,13,12,0,0
40,145.4,########,12.5,1,0
44,172,########,11,1,0
21,111,11,########,0,0
21,120,########,13.125,1,0
18,129.8,1.305.375,1.305.375,1,0
18,118.1,########,13.75,1,0
27,130,########,########,1,0
38,126.3,0,0,0,0
18,137.8,13.6,########,1,0
19,116.1,12.2,12,1,0
18,115.4,########,########,1,0
19,110,########,10,0,0
44,97.4,14,0,0,0
26,130,12.5,10,1,0
24,156,########,11.5,0,0
27,126.1,0,0,0,0
27,120,0,0,0,0
25,105.2,########,12.4,1,0
21,120,########,12.25,1,0
19,137.8,0,0,1,1
20,134.2,11.8,12,1,0
20,150,0,10.5,1,0
20,116,0,0,0,0
18,143.4,14.2,14.2,0,1
19,143.6,12.7,########,1,0
22,150,########,0,0,0
19,118,########,15,1,0
18,109.3,########,12.6,1,1
20,119.3,########,########,1,0
18,146.3,0,0,1,1
36,161.5,########,16.5,1,0
19,140,10.5,11.25,1,0
21,142.2,########,12.6,1,1
26,129.2,0,0,1,0
29,100,########,14,0,0
26,170,15.125,########,0,0
27,140,0,0,1,0
32,115.2,12,########,1,0
23,121.4,14.25,12,1,1
24,134.8,10.5,10,1,0
19,136.9,13.5,########,1,1
25,140,########,12,1,0
19,112.2,10.8,10,1,0
20,148.7,0,0,0,0
33,133,12.8,########,1,0
35,150,10.8,12,1,0
23,98,11.4,11,1,0
19,122.4,########,14.5,1,0
21,139,12.8,12.25,1,0
21,112,13.5,########,1,1
27,143.8,15.57,15.57,1,0
19,116.1,11,12,1,0
28,138,########,########,1,0
25,110,11,11.5,1,0
42,103.5,0,0,1,0
27,140,13.5,13.75,1,0
23,108.7,11.25,0,1,0
18,115.9,########,########,1,1
26,127.3,########,########,1,0
18,138.7,0,0,1,0
29,135.8,11,13.5,1,0
22,134.6,0,0,1,0
21,118.4,13.125,########,1,0
19,132.8,########,########,1,1
18,155.5,########,########,1,1
18,132,15,########,1,1
40,110,12.8,########,0,0
20,127.3,########,0,0,0
18,126,12.288,12.288,1,0
31,130,########,########,1,0
18,118.8,11.5,12.8,1,1
22,127.6,########,########,1,0
38,112.1,0,0,0,0
33,130,0,0,1,0
19,111.1,11.8,11.5,1,1
18,121.4,0,0,1,0
18,126.8,12.2,12,0,1
27,120.6,########,13,1,0
26,126.5,########,########,1,0
19,120.2,########,########,1,1
44,120,12.1,12.6,1,0
19,137.5,12,11.5,1,0
20,127.9,0,0,1,0
24,140,########,########,1,0
31,131.8,########,12,1,0
25,129,13.5,12.5,1,0
19,115.8,0,0,0,0
18,126.4,########,14.75,1,0
19,130,13,########,0,0
19,114.8,12.65,11.1,1,1
19,138.6,11,0,1,0
24,112.9,########,10.5,1,0
20,111.6,14.5,########,1,0
18,152,########,########,1,0
18,132.6,########,########,1,1
21,118.4,########,10.5,1,0
28,120,0,0,0,0
18,122.1,########,12,1,1
18,142.8,13,11.5,1,0
18,124.8,11.5,14,1,1
18,126.3,11.8,11.6,1,1
19,119,########,########,0,1
19,124.9,138.875,########,1,1
20,118,11.4,11.5,1,1
34,100,########,########,1,0
39,109,12.16,12.16,1,0
19,130.8,########,########,1,0
24,110,########,15.5,1,0
18,151,0,0,1,0
19,131,10.5,0,1,0
18,155.2,11.8,11,1,1
20,121,13.2,11.4,1,0
19,119.7,13.075,########,1,0
19,131,11.6,13,1,0
19,116.9,########,12.25,1,0
41,130,10.75,10,1,0
19,137.8,########,########,1,0
19,122.1,12.5,11,1,0
23,120,0,0,0,0
18,133,########,14.8,1,0
19,115.2,12.6,11.8,1,0
20,160,14,########,1,0
35,106.3,11.5,10.5,0,0
34,103,0,0,0,0
19,136,########,12.875,0,1
22,146.5,11.5,12.4,0,0
20,131.4,########,########,1,0
27,130,12.5,12.5,1,0
30,137,0,0,1,0
34,125.9,0,11,1,0
20,111.9,10.5,0,0,0
18,131.2,########,########,1,0
26,131.2,0,0,1,1
26,140,12.4,12.4,1,0
26,121.5,10.5,0,0,0
31,153.5,0,0,0,0
20,142.2,########,########,1,1
19,131.1,########,########,1,0
23,130.6,0,0,0,0
20,115,13,0,1,1
20,125,15.66,########,1,0
29,97.5,0,0,1,0
20,134.4,########,12.75,1,1
24,118.8,13.3,13.3,1,0
37,110.5,0,0,1,0
18,123.3,0,0,1,0
18,139.6,0,0,0,1
18,138.8,########,########,1,0
41,160,########,########,1,0
35,140,12,########,1,0
19,118.2,0,0,1,0
18,150.6,0,0,1,0
48,115.2,11.75,11.725,1,0
19,126,########,########,1,0
30,160,########,11,0,0
51,160,0,0,0,0
18,184.4,15,########,1,0
18,156,0,0,1,0
18,150.2,0,0,1,0
18,126.3,13.435,13.435,1,1
18,146.1,13.5,0,1,0
18,145.3,0,0,1,0
23,116.8,11.5,########,1,0
19,132.1,10.5,11,1,0
21,102.6,12,11.5,1,0
18,112.3,12.2,11.5,0,0
18,155.3,0,0,1,0
21,153.8,14.5,14,1,0
20,110,########,########,1,0
24,128.2,12,########,1,0
18,120.4,15.125,14,1,0
18,153,########,########,1,0
19,117.9,########,########,1,0
20,145.6,########,########,1,1
18,119.8,########,156.625,1,0
18,126.8,########,########,1,0
19,106.1,########,11,1,0
19,137.3,########,########,1,0
18,115.5,13,14,1,0
20,127.5,1.248.375,1.248.375,1,0
18,116.3,########,153.125,1,0
18,113.2,########,0,0,0
18,132.6,15.4,12.2,1,0
18,132,13.45,13.45,1,0
18,130.3,12.6,12.6,1,1
20,116.7,########,129.375,1,0
22,134,10.8,12.8,1,1
20,100,12.2,14.6,1,0
20,140,14.2,13.5,1,0
18,139.2,########,14,1,0
18,132.6,12.8,10,1,0
18,129.4,13.2,12.5,1,0
18,125.6,14,0,1,1
19,129.3,13.875,14,1,0
19,128.4,12.5,########,1,1
18,139.9,########,12.5,1,1
18,124.8,11.8,13,0,1
18,128.5,########,########,1,1
18,117.8,13.03,1.321.875,1,0
19,115.1,########,########,1,0
18,118,11,11.25,1,0
25,120,133.675,133.675,1,1
19,119.6,########,########,1,1
18,133.2,########,138.875,1,0
19,141.8,13,12.8,1,0
18,130.3,########,########,1,0
24,100,13,12,1,0
21,114.6,12.8,11.2,1,0
18,123.4,########,########,1,1
18,116.4,########,########,1,0
20,123.2,15,14.5,1,1
19,123.7,########,11.4,1,0
19,127.6,########,########,1,1
30,117.1,########,149.625,1,0
18,149.3,14.035,14.035,1,0
18,125.6,11,14,1,0
18,145,########,########,1,1
20,115,117.725,12.33,1,0
19,114.3,0,0,1,0
19,126,0,0,1,0
19,124,0,0,0,0
18,122.6,########,12,1,1
17,133.8,12.46,12.46,1,0
19,113.5,########,########,1,0
18,122.6,########,11.5,1,0
25,140,########,########,1,0
19,107,10.6,########,1,0
24,130,13.125,13,0,0
19,124.2,########,########,1,1
20,125.8,0,0,1,1
20,108,13,13.8,1,1
20,115.2,12.725,137.125,1,1
19,129.3,11.25,########,1,0
31,120,########,########,1,0
20,116.7,########,13,1,0
18,121,########,11.6,1,0
18,128.2,13.25,########,1,0
18,121.1,########,15.4,1,0
20,112.6,12.625,11,1,0
20,123.3,########,########,1,1
19,129.4,11.2,13.125,1,1
21,119.9,11.4,12.2,1,1
18,131.6,13.135,########,1,0
21,120,13,11.4,1,0
19,110,12.85,########,1,0
20,143,13.5,12.5,1,0
20,140,########,13,1,0
18,119.2,13.5,14.5,1,1
18,124.3,10.75,13,1,1
18,111.1,########,########,1,1
21,150,13,########,1,1
18,147.3,########,########,1,0
18,147.5,1.414.125,1.414.125,1,1
20,108,11.6,11.75,1,1
32,130,146.625,146.625,1,1
34,130,0,0,1,0
23,109,########,1.266.875,1,1
18,112,11.25,12.2,1,0
18,121.2,12.2,12.8,1,0
34,140,0,0,1,0
25,119.5,########,11.75,1,0
21,125.9,12.2,11.8,1,0
20,121.5,0,0,1,1
18,121.5,########,########,1,0
18,132.4,########,13.1,1,0
18,122.4,########,########,1,0
24,110,10,0,1,0
32,120.4,########,########,0,0
24,105,########,########,0,0
18,137.8,########,0,1,1
28,118,########,12.6,1,0
18,122.1,########,12,1,1
24,140,0,0,0,0
19,143.2,14.4,13.2,1,0
44,120.5,########,########,1,0
18,119.5,########,12,1,1
18,147.5,0,0,1,0
22,129.6,0,0,1,0
18,126.1,########,########,1,1
44,160,11.8,12.4,1,0
33,105.5,13.2,10.6,1,0
32,95.5,0,0,0,0
35,107.5,0,0,0,0
20,106.1,11.5,########,1,0
24,116.3,12.6,12.2,1,0
19,137.4,########,########,1,0
21,101.8,11.6,13,1,0
19,144.1,########,########,1,1
27,107.8,0,0,0,0
30,128.2,0,0,0,0
21,117,0,0,1,0
19,110.4,11.5,########,1,0
34,170,11.5,11.75,1,0
18,100,########,129.125,1,0
21,117,0,0,1,0
17,133.5,0,0,1,0
19,128,########,########,1,1
18,122.1,########,########,1,0
19,133.4,########,1.436.875,1,0
45,112,########,0,1,0
26,130,########,12.25,1,0
51,100,0,0,1,0
49,162,########,########,1,1
22,153,14.5,14.375,1,0
22,131.4,10,10,1,0
33,128.2,11.5,12,1,0
20,148.9,11.6,11.5,1,0
18,128.4,12.5,########,1,1
20,120.3,########,11,0,0
37,100,########,11.6,1,0
18,126.1,########,13.5,1,0
19,111.7,12.5,########,1,0
21,140,13,12.8,1,0
20,122.2,########,########,1,0
19,118.7,0,0,1,0
20,121.5,13.5,11.225,1,0
18,134.5,########,15.125,1,0
19,127,########,########,1,0
18,114.2,11,########,1,0
18,125.3,########,########,1,1
18,120.4,10,0,1,0
19,123,13.44,########,1,0
18,130.5,########,140.625,1,1
19,125.5,########,13.5,1,1
24,133.8,########,########,1,1
20,150,13,12,1,0
21,130.5,12.8,11.25,1,1
20,140,13,12,0,0
19,119.4,########,########,1,1
19,121.3,########,133.875,1,1
18,126.3,########,########,1,0
19,111.6,14,11,1,0
21,111.3,12.6,13.2,1,0
19,122.5,14,15,1,1
18,116.5,########,########,1,1
17,132,13,12.5,1,1
19,123.7,########,11,1,0
23,117,10,########,0,0
19,116.5,########,########,1,0
18,121.5,########,########,1,0
20,105,########,13.8,1,0
19,121.3,14.6,13.8,1,1
18,136.1,14,########,1,1
19,123.6,########,15,1,1
19,129,########,########,1,0
18,136.8,143.775,143.775,1,0
18,133.4,12.5,########,1,0
19,136,14.15,14.15,1,1
19,125.8,########,########,1,1
19,120.5,14.15,14.15,1,0
21,130.2,########,140.475,1,0
18,135.9,########,########,1,0
19,116.5,########,########,1,1
18,124,0,0,0,0
30,140,0,0,1,0
18,150.9,15,########,1,0
20,127.3,########,########,1,1
25,100,11.2,12.6,0,0
18,128.8,########,########,1,0
21,119.7,12.2,########,1,0
18,140.8,15.7,15.7,1,0
18,138,15.2,15.2,1,0
29,132.9,########,15.6,0,0
20,140,125.625,########,1,0
26,140,0,0,1,0
21,99.3,12.4,12,1,0
19,119.3,1.378.125,1.378.125,1,1
19,113.2,########,########,1,0
21,117,11.8,########,1,0
20,123,10.8,12,1,0
18,127.2,13.26,1.428.625,1,1
20,141,12,########,0,0
20,121.7,11.875,########,1,1
18,121.1,12.16,13.4,1,1
18,146.1,15,12.5,1,0
18,142.5,########,13.2,1,0
18,126.8,11.5,11.8,1,0
22,150,########,13,1,0
19,150,13,########,1,0
19,134.5,15,########,1,1
18,129.5,########,16.8,1,0
20,113.2,########,########,1,0
18,140.2,11,11.25,1,0
21,119.2,0,0,1,0
19,140.7,########,12,1,0
18,142.3,1.282.875,1.282.875,1,0
18,129.9,########,14.4,1,0
18,134.8,0,0,1,0
21,104.1,13,0,0,1
19,122.4,10.875,12.4,1,0
19,120.6,12.8,11.6,1,1
19,112.4,########,0,1,0
18,157.9,0,0,1,0
19,125.9,0,10,1,1
20,118.4,########,########,1,1
18,130.8,########,########,0,0
19,176.7,0,0,1,1
18,156.8,########,13.25,1,0
18,126.8,12,12.75,1,0
19,128,12.25,12,1,1
20,113.8,########,12.2,1,0
19,120.8,########,13.05,1,1
18,130.8,########,########,1,0
25,101,0,0,1,0
18,126.1,11.5,########,0,0
19,113.8,########,12.5,1,0
19,118.3,########,144.375,1,1
20,127.9,13,11.5,0,1
18,131.1,########,########,1,0
20,117.9,13.5,########,1,0
21,115.7,########,########,1,0
19,141,0,0,1,0
42,120,########,########,1,0
18,131.8,12.4,########,0,0
19,131.1,13.4,########,1,1
18,117.8,12,12.5,1,0
21,140,14.2,14.8,1,0
20,108,12.125,########,1,1
20,122.9,########,########,1,0
21,130,11.75,########,1,0
19,126,########,########,1,0
21,134,########,13,1,0
19,134.3,########,########,1,0
19,138.7,########,15.092,1,1
18,143.3,0,0,1,0
22,160,15,########,1,0
21,111,13.2,########,1,0
18,128.5,11,########,1,1
20,133,########,########,1,1
18,114.6,12,10.75,0,0
20,104.1,0,0,1,0
23,127.6,########,13.775,1,0
18,151,########,########,1,0
20,135.7,########,########,1,0
18,137.8,########,########,1,1
20,117.3,12,11.2,1,0
18,121.2,12.4,12.8,1,0
20,129.3,########,########,1,0
19,123,########,########,1,0
21,140,########,########,1,0
33,140,15,11,1,0
24,144.6,13,0,0,0
20,118.3,12,12.75,1,1
18,153.6,0,0,1,0
18,158.3,########,########,1,0
29,100,12,10.5,1,0
18,134.9,########,########,1,0
19,142,########,########,1,0
19,127.3,0,0,1,0
18,116.5,10.8,10.5,1,1
19,138.6,14.25,########,1,1
20,133,########,12.9,1,0
19,136.2,11.5,10.5,1,0
19,118,12.25,########,1,1
18,126.8,12,########,1,1
18,128.5,1.340.375,1.340.375,1,1
19,129.9,########,########,1,1
20,125.8,12.2,########,1,0
18,129.3,0,0,1,1
18,124.7,0,0,1,0
35,154.9,########,16,0,0
18,127.3,11,11,1,0
19,129,0,0,1,1
19,98,12,########,1,1
20,122,10.5,12.25,1,0
19,112.5,########,########,1,0
19,127.3,11,10,1,0
24,100.5,0,0,1,0
29,122,12.5,0,0,0
24,140,########,12.6,1,0
19,116.1,11.2,12.5,1,0
37,130,0,0,1,0
18,146.2,13.2,11.8,1,0
20,180,########,14.125,1,1
18,127.8,0,0,0,0
22,130.8,0,########,1,0
22,109,########,########,1,1
18,132.4,0,0,0,0
18,129.3,13.1,13.1,1,0
19,125.4,13.5,########,1,0
19,130.2,10.2,12,1,0
19,132,########,13,1,0
21,170,########,########,1,0
19,130.2,12.6,11,1,0
18,115.5,########,13.6,1,0
19,127.6,11.6,11,1,0
25,140,########,13.5,1,0
22,120.2,########,########,1,0
24,150,########,########,1,0
19,100,11.975,########,1,0
18,100,12.25,########,1,0
20,128,0,0,0,0
19,128,########,########,1,1
19,107.2,10.5,10,1,0
19,110.1,########,13,1,0
23,119,0,0,1,0
47,155.5,13.8,14,1,0
19,118.4,########,10.75,1,0
19,141.2,0,0,1,0
18,119.1,0,0,1,0
28,111,10,0,1,0
20,138.6,11.5,########,1,0
18,121.2,########,12,1,1
21,150.4,0,0,1,1
19,117.8,12.75,13,1,0
24,102.5,0,0,0,0
24,110,########,########,1,0
25,138.3,0,0,0,0
28,122.3,13,12.2,1,0
37,127.8,10.75,########,1,0
19,100,12,10.5,1,0
18,126.4,########,1.390.625,1,1
48,100,10,10,1,0
21,117.1,########,########,1,0
19,124.7,########,########,1,1
21,124.1,0,0,1,1
23,129.4,0,0,0,0
18,138.9,13.6,13.25,1,0
22,138.6,########,14,1,0
25,133.9,########,12.25,1,0
27,140,13.5,14.4,1,0
49,95.1,0,0,0,0
31,128.2,11,0,0,0
54,121.5,########,########,1,0
25,120,########,12.25,0,0
20,130,########,11.5,1,0
28,120,12,########,1,0
41,107,########,########,1,0
19,116.1,13.125,########,1,1
22,114.4,0,11.5,1,0
34,157.7,13.5,0,1,0
28,150,########,15,0,0
42,114.3,12.4,11.8,1,0
21,104.6,14,14.8,0,0
50,140,13.5,13,1,0
19,109.1,0,0,1,0
18,120.6,12.65,########,1,0
59,161.9,0,0,1,0
33,140,0,0,0,0
23,178,########,12.8,1,1
44,138.3,########,########,1,0
37,128,0,0,1,0
36,139,0,0,1,0
22,113.2,########,10.5,0,0
49,139,########,########,1,0
23,110,########,12.75,1,0
19,136.6,11.4,11,1,0
47,161.1,########,0,1,0
28,130,########,########,1,0
21,140,11.75,10.5,1,0
21,121,########,10,0,0
21,118.6,12.4,11.8,1,0
20,138.3,########,11.5,1,0
49,115.8,0,0,0,0
40,160,11,13.4,1,0
22,114.5,13.625,########,1,1
19,117.5,11.8,11.5,1,0
31,121.7,0,0,1,0
30,115,15,13.5,1,0
19,125.3,10.8,11,1,0
22,131,########,########,1,0
19,126.3,########,########,1,0
21,127.1,0,0,0,0
19,138.4,15.125,########,1,0
22,100,0,10,1,0
22,126.2,11.4,11,1,0
19,118.8,12.25,11,1,0
26,124.5,0,0,0,0
23,140,14,14,1,0
18,125.1,########,10.8,1,0
22,118.8,########,11,1,1
19,125.2,########,########,1,0
20,95,0,0,1,0
22,107.6,########,########,1,1
18,140,13,0,0,0
39,125.4,0,0,1,0
18,128,0,0,1,0
18,129.3,13,14.2,1,1
19,152,########,14,1,1
18,128.8,########,124.875,1,0
18,152.8,12.75,0,1,1
22,150,14.5,14.6,1,0
19,112,########,########,1,0
18,135.6,15.4,15.6,1,0
31,134.4,########,16,0,0
28,120.5,0,0,1,0
19,141.4,0,0,1,0
20,145.2,########,########,1,0
50,140,12.25,0,1,0
38,100,16,16.5,1,0
31,140,11,13,1,0
27,126,########,########,1,0
21,112.6,########,10.5,1,0
34,106.8,10,0,1,0
19,121.6,0,10,1,0
40,120,10.5,########,0,0
18,160.6,0,0,1,1
46,130,0,0,0,1
37,110,0,0,1,0
31,110,0,0,1,0
34,145.8,########,12.4,1,0
18,130.2,0,0,1,1
18,122.3,########,########,1,1
19,125.4,########,########,1,1
40,130,10.25,11.2,1,0
25,150,0,0,1,0
20,116.9,14.5,########,1,0
20,114.7,15.8,########,1,0
43,95.8,0,0,0,0
18,133.1,12.5,########,1,0
35,150,########,11.5,1,0
23,118.5,13,13,1,0
19,131.1,########,1.150.625,1,0
21,150.3,########,13.75,1,1
19,120.5,12.5,13.25,1,0
20,105.6,########,########,1,0
30,125.3,0,0,1,1
44,131,########,11.5,1,0
19,127,########,########,1,0
22,150,########,14.3,1,0
18,149.2,14,14.2,1,0
21,121.5,14.75,11.8,1,1
18,137.3,0,0,1,0
18,119.6,13.625,########,1,0
19,141.5,0,0,1,0
21,150,11.8,11.875,1,0
31,110,15.125,14.6,1,0
21,110.2,11.5,10.5,1,0
24,110.3,10,11,1,0
27,120,0,0,1,0
20,114.2,########,12.8,1,0
22,140,0,########,1,0
19,132.8,12,12.5,1,1
19,121.5,########,14.5,1,0
23,127.2,########,########,1,0
18,128.2,14,########,1,0
29,133.4,16.5,13.8,0,0
29,120,18,########,1,0
20,140,########,########,1,0
19,136.9,0,0,1,1
22,117,0,0,1,0
20,110.7,14,12,1,0
24,160,13.75,12,1,0
21,95,13.25,11,0,0
25,148.8,14.25,14.75,1,1
32,110,0,0,0,0
26,133.9,11.25,########,0,0
18,125.7,13.5,12.5,1,1
19,116.6,########,########,1,1
19,141,########,########,1,1
27,130,########,########,1,0
21,130,11.8,########,1,0
20,115.8,11.5,0,1,0
21,140,14.5,########,1,0
22,126.1,13.4,########,1,0
19,137.5,0,0,0,0
18,120.8,10.8,12.5,1,1
28,136.5,0,0,1,0
25,122,########,12,0,0
25,130,12.5,11.6,1,0
18,126.3,13.5,########,1,0
26,98,0,0,1,0
18,121,12.75,11.5,1,1
22,124.2,########,########,1,0
25,130,0,0,1,0
19,136.1,11.4,12.4,1,0
19,132.8,########,########,1,0
19,126.3,########,117.125,1,0
45,111.5,11.5,11,1,0
52,118.2,11.2,12.8,1,0
20,115.6,12,11,0,0
19,117.8,########,########,1,0
21,127,12.94,11.58,0,0
35,140,14,########,0,0
36,106,0,0,1,0
47,151,0,0,0,0
22,106.4,0,0,1,0
41,125.3,11.25,11,1,0
26,130,0,0,1,0
51,116,11.25,0,0,0
43,120,########,12.5,1,0
41,100,11.8,########,1,0
23,118.5,11.625,########,1,0
22,118.9,0,0,1,0
25,119.3,10.25,11.25,1,1
25,135.8,10.8,########,1,0
22,130,########,########,0,1
24,129.8,########,13.4,1,0
47,150,0,0,1,0
41,111.9,0,0,1,0
43,150.1,########,12.2,1,0
29,130,0,0,1,0
30,128,0,0,1,0
26,102.5,0,0,0,0
27,102.5,0,0,0,0
36,110,11.4,11.6,1,1
29,114,########,########,1,0
35,128.2,########,13,1,0
18,116.5,11.5,12.6,1,1
24,149.3,16,16,1,1
18,134.1,12.5,########,1,1
18,126.6,12,13,1,0
21,120,0,########,1,0
21,133.5,13,12.6,1,0
32,110,########,########,1,0
22,107.5,########,12.5,1,1
32,130,########,12.7,0,0
35,111.6,14,0,1,0
23,101,0,0,0,0
39,108.3,11.4,11,1,0
35,128.2,0,10,1,0
32,150,18.875,########,1,0
20,142.8,0,0,1,0
34,100,########,12.6,1,0
44,150,13.5,16.2,1,0
53,156.5,15,10,1,0
28,98.6,0,0,0,0
31,130,########,12.8,1,0
18,118.1,0,0,0,0
44,120,12,0,0,0
19,127.7,12.6,12,1,0
21,130,########,########,1,0
18,147.7,0,0,1,1
20,170,14.5,15.3,1,0
55,110.2,14.5,13.5,1,0
27,146.4,10,13,1,0
19,121,0,0,1,0
18,129.9,11.6,13.2,1,0
43,132,11.75,0,1,0
18,125.9,0,0,1,0
18,165.7,0,0,1,0
20,122.7,0,0,1,1
29,141.4,11.25,11.8,0,0
44,156.4,########,0,1,0
18,148.5,10,16,1,0
20,140,########,12.3,1,1
20,131.7,12.75,########,1,0
36,104.7,0,0,1,0
19,150,11.6,11,1,0
29,110,0,0,0,0
18,129.1,11.25,########,1,0
24,120,0,0,0,0
20,127,########,15,1,0
45,151.5,0,0,0,0
28,126.8,13.5,13.5,1,1
23,140.8,########,12.2,1,0
18,125.6,########,########,1,0
23,127.8,########,########,1,0
22,120,0,0,1,0
22,131.3,########,12.4,1,1
33,155.7,13.2,########,1,0
21,128.5,12.7,########,1,0
45,170,########,14.8,1,0
44,100,11.5,12,0,0
42,107.2,0,0,1,0
20,139.3,0,0,1,0
20,123.2,########,12.5,1,0
20,122.3,########,12.5,1,1
20,127.9,########,10.25,1,0
19,120.3,10.8,13.5,1,0
26,128.5,10.5,########,0,0
31,150,15,12.5,1,0
19,136.1,########,14,1,1
28,128,########,########,1,0
20,158.1,0,0,1,1
43,108.7,13,12.5,1,0
25,110,0,0,1,1
40,120,10,15,1,0
20,150,########,13.375,1,0
46,113,########,########,1,0
26,118.6,########,########,1,0
34,148.8,########,########,1,1
19,120.3,0,0,1,0
18,127,########,########,1,1
18,113.8,########,11.425,1,0
37,108,########,12,1,1
23,129.1,0,0,1,1
26,135.9,14,########,1,0
18,154.4,12,0,0,0
18,190,11.575,########,1,0
19,132.5,########,130.625,1,0
18,163.3,13.5,12,1,0
19,122.5,########,12.8,1,0
20,121,14.25,10,1,0
22,131.8,########,12,1,1
18,135,########,########,1,1
18,141.7,########,13,1,1
18,131.3,########,13.5,1,1
18,123.9,13,13,1,1
18,126.1,########,########,1,0
19,126.5,########,########,1,1
20,107.3,0,0,1,0
19,95,########,0,1,1
18,116.1,########,11,1,0
18,134.6,14.5,########,1,1
18,128,########,1.365.625,1,1
18,144.2,########,########,1,0
18,129.5,11.6,12.625,1,1
18,116.8,########,########,1,0
20,160,12.625,13.2,1,1
19,127.1,########,11,1,1
18,126.3,########,13,1,1
19,112.9,########,########,1,1
19,130.2,11.4,10.75,1,0
19,100,########,########,1,0
19,121.6,########,########,1,0
20,130,13.5,13,1,0
18,121.7,11.5,12.4,1,1
33,120,14,0,1,0
19,143.5,########,0,1,1
18,128.3,########,14.75,1,1
19,111.9,0,0,1,0
19,140,########,11.5,1,0
18,137.6,16,########,1,0
20,135,########,########,1,0
19,133.8,132.325,132.325,1,0
18,126.9,14,########,1,1
19,106.7,10,0,1,1
25,145.7,########,########,1,0
20,153.1,12.5,########,1,1
19,118.7,12.5,11.5,1,0
33,161.8,10.5,0,1,0
18,124.9,########,########,1,0
18,150.8,10.5,10.5,1,0
19,130,12,11.4,1,0
18,163.6,0,0,1,0
19,115,11.5,########,1,0
18,136.8,14,13.5,1,0
18,130.9,13.5,12.6,1,0
18,127,1.307.375,1.307.375,1,0
37,120,10.75,0,1,0
20,126,12,0,1,0
20,153.8,14,########,1,1
21,140,########,########,1,0
18,136.6,########,########,1,1
26,105,########,11.2,1,0
41,139.4,11.6,12.2,1,0
18,140,########,########,1,1
18,130.8,144.025,144.025,1,0
31,138.8,1.546.875,163.875,1,0
23,110,12.625,########,1,0
19,127.8,########,########,1,0
20,134.2,15,13,1,1
40,143,########,########,1,0
32,120,11.5,11,1,0
24,113.2,10.5,10,1,0
18,135.8,########,########,1,0
18,143.5,13,########,1,0
18,148.9,########,13,1,1
27,115.6,0,0,0,0
18,159.3,14.4,15.4,1,0
26,138.5,12,11.25,1,0
19,133.2,########,########,1,0
19,117.6,12.2,12,1,0
21,108.7,12,########,1,0
24,106,10.5,11,1,0
20,122.6,########,10.5,1,0
18,127.4,12.2,12.2,1,0
30,100,0,0,1,0
22,95,11.5,########,0,0
21,130,########,########,1,0
26,122.8,########,11.675,1,0
23,115,10,12,1,0
18,145.9,########,########,1,1
21,143,11.4,12.2,1,0
18,100,0,0,1,1
21,121.3,13,12,1,0
18,121.2,13.4,12,1,0
19,125.1,13.5,12.8,1,1
22,112.9,12.25,########,1,0
19,120.8,########,########,1,0
19,114,0,0,0,0
19,132.1,10.5,13,1,0
27,160,14,12,1,0
22,134,14.2,12.2,1,0
18,124.2,13,########,1,0
20,115.6,11,12.75,1,0
34,128.2,11,10,1,0
18,132.8,########,########,1,0
20,123.1,14.75,12.25,1,0
20,125.6,########,########,1,0
25,115,0,0,1,0
18,123.6,12.4,13,1,0
18,141.7,11.6,13,0,0
18,139,12.2,0,1,1
19,118,11,12.8,1,1
19,142,########,12.4,1,1
21,143.4,########,########,1,1
29,115.9,########,11.9,1,0
20,105.1,12,########,1,1
21,138,########,12.6,1,1
34,114.7,10.5,11,1,0
20,130.5,########,12,1,0
24,134.3,0,12,1,0
18,137.5,########,########,1,0
19,125.3,12.2,12.2,1,0
18,111.3,10.8,11.75,1,1
28,144.8,12.75,########,1,0
28,152.1,11,12,1,0
20,126.1,10.75,0,1,0
22,136,1.255.375,1.255.375,1,0
19,124.3,########,########,1,0
20,129.9,########,13,1,0
26,136.1,11.75,0,1,0
21,115.1,11,0,0,0
18,143.6,0,0,1,0
18,115.8,13.4,12.2,1,0
22,149,########,########,1,0
36,100,0,0,1,0
20,133.4,12,11.5,1,1
20,122.8,########,0,1,0
25,151.2,11.5,13.5,1,0
35,137,12.8,########,1,0
22,118,0,0,1,0
26,126.4,########,########,1,0
20,130,11.8,12,0,0
50,112.5,########,13.5,1,0
20,118.3,12.002,12.002,1,0
20,121.4,########,########,1,0
35,140,15.2,11,0,0
19,109,########,########,1,1
43,110,0,0,1,0
19,119.8,########,########,1,0
25,130,12.675,12.675,1,0
19,167.3,0,0,1,0
20,111.9,12,12.5,1,1
22,136,0,0,1,0
19,124,11,12.2,1,1
32,132.9,10.75,########,1,0
57,154,14.2,########,1,0
20,115,12.6,11.575,0,0
38,96,0,0,0,0
45,168.2,14,########,1,0
43,140,10,12.25,0,0
19,137.4,########,13.125,1,0
49,150,11,11,0,0
43,100.5,########,########,1,0
34,148.5,12.25,0,1,0
18,123.3,12.5,########,1,0
43,138.7,13.8,########,1,0
21,117.2,12,11,1,0
40,114.3,11,12.5,1,0
19,125.3,13.75,########,1,1
27,97,########,11.25,1,0
43,140,0,13.15,1,0
31,124,########,15.4,1,0
26,140,0,0,1,0
34,127,15.8,16.8,1,0
30,110,########,########,1,0
36,170,########,0,1,0
46,120,0,10,0,0
22,130,13,########,1,0
27,130,0,0,1,0
20,122.5,10.8,12,1,0
20,115.7,11,10,1,0
31,120,0,0,0,0
20,166,0,0,1,0
21,132.8,12,0,0,0
21,100,10.75,11,1,0
19,121.8,11.6,13.5,1,0
20,109.5,11.8,11.6,1,1
18,138.3,16,########,1,0
18,131.6,########,11.5,1,1
30,125.3,14.4,13.5,1,0
34,101.5,0,0,0,0
21,109.1,12.25,13.4,0,0
20,123.9,12.6,12.75,1,0
18,143,13.4,13.4,1,0
21,126.3,0,0,1,0
26,113.3,10,0,1,0
20,119.9,0,0,1,0
25,140,11.25,11.2,1,0
19,108,0,0,1,0
24,100,########,14,1,0
20,132.4,11.75,13.4,1,0
20,137.1,0,0,1,0
18,138.1,########,14.125,1,0
25,130,11.95,########,1,0
22,109.7,14,########,1,0
41,128.2,0,0,0,0
19,117.8,11.5,0,1,1
21,150,12,12.8,1,0
30,160,########,########,1,0
21,104.5,########,########,1,1
26,112.8,0,0,1,1
21,100,########,14,1,0
18,132.5,########,########,1,0
19,123.3,########,########,1,1
18,128.9,########,########,1,1
19,128.3,11,11.75,1,0
21,100,11.75,########,1,0
18,120.1,10,12,1,1
24,160,12.415,12.415,1,1
21,123,11,10.5,1,0
23,150,########,########,1,0
18,124,########,########,1,1
26,120,########,14.5,0,0
20,120.4,12,13.4,1,0
18,131.6,########,########,1,0
20,104.2,########,########,1,0
20,122,########,########,1,0
18,110.7,########,########,1,0
22,121.7,13.2,13.6,1,1
20,126,15.4,15.4,1,0
19,128.4,########,15.925,1,1
18,134.9,########,11,1,0
18,143.9,########,12,1,0
19,145,14.5,13.6,1,1
19,132,########,12.375,1,1
24,136.1,########,12,1,0
21,138.9,########,14.5,1,0
20,102,########,########,1,1
28,123,########,11,0,1
21,137.5,########,########,1,0
20,102.2,########,########,1,0
36,105.3,0,0,0,0
42,130,0,0,0,0
47,122.5,11.5,11.6,1,0
25,112,0,0,0,0
25,110,########,13.5,1,1
48,149.5,0,0,1,0
32,141,13.8,12.8,1,1
38,130,13.6,13.6,1,0
37,130,########,########,1,0
26,104,10,10,0,0
23,110,0,0,1,0
23,120,0,0,1,0
20,130,10.8,12,1,0
26,127,########,1.330.625,1,0
45,100,11,########,1,0
26,111,########,########,1,1
26,130,11.8,########,1,0
25,130.1,11,11.25,1,0
18,127.5,13.11,13.11,1,0
27,130,########,########,1,0
24,115,0,0,0,0
20,126.8,########,12.2,1,0
18,116.7,0,10,1,1
18,128.5,14.1,133.125,1,1
18,127.5,13.045,13.045,1,0
19,117.5,12.858,12.858,1,0
19,148.8,142.525,142.525,1,1
19,120.2,14.06,########,1,1
18,127.3,########,########,1,0
18,136.1,0,0,1,1
19,122.4,13.75,12.6,1,0
23,130,13.15,########,1,0
21,121.7,########,11.8,1,1
18,122.7,########,########,1,1
20,129.2,########,11,0,0
23,105,########,11,1,0
20,129.9,13.2,########,1,0
18,136.3,########,12.375,1,1
29,114.9,12.75,########,1,0
28,102,13,12,1,0
19,111.3,########,11,1,0
24,130.9,0,0,0,0
33,100,0,0,1,1
19,112.9,12.5,11,0,0
19,112.7,########,########,1,0
37,143,12,########,1,0
18,155.1,0,0,0,1
29,127.6,0,0,1,0
37,146.6,########,126.875,1,0
36,141,0,0,1,0
19,120.6,########,14,1,0
33,110,########,########,1,1
34,108.6,12,11,0,0
18,134.9,15.5,16,1,0
20,120,0,0,1,0
19,141.3,########,########,1,1
20,135.6,########,########,1,0
19,121.5,########,########,1,1
19,125,########,########,1,0
22,119.1,11.6,12,1,1
18,126.6,14.625,########,1,0
18,116.7,########,########,1,1
19,120.1,13.375,########,1,0
19,124.9,12.5,########,1,1
31,114,12.56,12.56,0,0
18,131.1,13.19,1.423.125,1,0
19,129.3,11,11.25,1,1
18,129.7,0,0,1,0
19,120.8,11.6,########,1,1
19,135,########,########,1,0
19,117.8,11,########,1,1
30,130,########,########,1,0
18,117.6,0,11,1,0
18,130.8,########,########,1,0
21,111.9,0,0,1,0
19,145.9,15.5,########,1,1
19,109.1,########,14.6,1,1
19,120.3,########,13.7,1,0
19,113.5,########,13.75,1,0
19,135.4,########,13.4,1,1
39,130.2,########,10,1,1
18,136.4,########,########,1,0
20,126.9,0,0,1,0
19,119.8,12.6,11.6,1,0
18,124.4,12.6,11,1,0
34,120,########,########,0,0
22,111.8,12,11,1,0
24,130,########,13.6,1,0
34,138,########,########,1,0
46,114.6,0,0,1,0
50,108,########,12.2,1,0
37,140,0,0,0,0
18,134.7,17,15.5,1,0
25,110,########,########,1,1
46,104.8,########,########,1,0
30,126.5,13,########,1,1
37,118.1,0,0,0,0
50,119.9,10.5,11,1,0
20,160,########,########,1,0
39,100.5,14,0,1,0
53,110,0,0,0,0
54,100,########,11.1,1,0
19,140,14.4,13,1,0
20,109,0,0,0,0
18,120.9,########,########,1,0
21,125.8,########,########,1,0
18,161.2,########,14.375,1,0
19,122,0,0,1,0
18,127.9,13.46,122.375,1,1
19,135.8,15,########,1,0
18,149.7,0,0,1,1
19,137.3,13.4,12.8,1,0
48,106,13,12.5,1,0
34,110,11.25,13.75,1,0
18,146.4,12.6,11.6,1,0
50,121,########,########,1,0
41,125.2,########,########,1,0
22,119.6,12,11,1,1
43,142.8,16.4,16.6,1,0
50,123.5,0,0,1,0
60,100,12.75,14.75,1,0
41,140,14.5,13,1,0
47,150.3,14.8,14.4,1,0
22,128.2,########,11.5,1,0
41,114.3,0,0,1,0
28,117.3,########,########,1,0
32,120,########,########,1,0
50,110.7,0,0,1,0
53,118,11.8,########,1,0
54,169.2,0,0,0,0
49,106.8,########,11.5,1,0
34,100,13,11.875,1,0
45,144.5,12.5,########,1,0
47,134.5,12.2,11.25,1,1
22,114.3,11,11.2,1,0
33,113.4,10,12,1,0
43,128,########,11.5,1,1
54,120,########,########,1,0
39,147.5,########,13.5,1,0
39,120.7,11,13.2,1,0
18,153.7,########,########,1,1
19,121.9,13.75,########,1,1
18,119.4,14,13.8,1,1
44,157.8,13.75,12.5,1,0
27,154,0,0,1,0
18,135.9,########,########,1,1
45,130,########,12,1,0
20,118.9,########,13,1,0
40,152.4,########,10.5,1,0
40,147.8,11.25,12,1,0
18,100,136.125,14.575,1,0
21,129,########,########,1,0
20,148.9,0,0,1,0
36,120,11.5,114.375,1,0
27,170,0,0,1,0
32,130,11,13.125,1,0
18,119.2,14,13.5,1,1
37,129,12,12,1,0
19,132.5,12.5,12.5,1,0
41,115,########,########,1,1
18,128,########,########,1,1
21,125.1,########,########,1,0
23,140,11.6,12.25,0,0
18,120.9,0,0,1,0
18,135.3,1.327.625,1.327.625,1,0
21,125.2,0,0,1,0
19,135.7,14.375,14.75,1,0
47,110,0,0,1,0
48,119,########,11.8,1,1
39,110,########,14.5,1,0
19,115.2,########,########,1,0
38,112.9,########,########,1,0
27,119.4,0,0,0,0
18,152.9,0,0,1,1
34,117.5,13.25,0,1,0
48,98.5,########,12.4,1,0
25,108,11,0,1,0
32,120,########,########,1,1
18,150.2,14.5,########,1,1
20,139.2,########,########,1,0
20,130,11.25,10.4,1,0
20,115.7,0,0,1,0
19,127,13.67,13.67,1,0
39,118.1,0,12.5,1,0
29,119.1,13,0,1,0
36,111.9,0,0,1,0
18,130.5,########,########,1,0
51,135,0,0,1,0
23,130,16,12.25,1,0
21,150,0,0,1,0
28,150.2,12.75,0,0,0
34,127.1,11,10.75,1,0
41,107.5,0,0,1,0
43,130,12.2,########,1,1
28,152.8,########,12.3,1,0
19,160.1,14.5,########,1,1
26,140,13,########,1,0
18,110.7,########,12.75,1,0
45,138.3,10.25,13,1,0
19,150,0,0,1,0
20,112.3,12.375,########,1,0
18,122,########,12,1,0
27,141.7,10.5,12,1,0
20,118.4,14.125,12.6,1,0
18,128.7,########,########,1,0
35,100,11.4,########,1,0
26,100.8,0,0,1,0
39,125.5,14,14.8,1,1
18,124,0,0,1,0
36,130,0,0,1,0
38,160.5,########,11,1,0
45,100,########,11,1,0
62,103,15,########,1,0
20,103,11.75,########,1,1
18,131.5,########,########,1,0
18,121.4,12,11,1,0
23,137.3,10.8,11.5,1,0
19,138.4,########,12.5,1,1
19,131.1,13.6,12.6,1,1
18,100,13.55,141.875,1,0
18,133,0,0,1,0
41,100,13.5,########,1,0
51,159,11.6,14.2,1,1
24,120.6,12.5,12.6,1,0
25,134,11,########,1,0
18,139.4,12,13,1,0
20,116.5,11.6,########,1,0
19,113.9,0,0,1,0
41,130,########,14.6,1,0
19,129.9,13,########,1,1
28,133.7,########,13.875,1,0
21,124.8,14.5,12,1,0
22,133.6,14.6,12.75,0,0
18,133.5,12.5,########,0,0
19,128,14,13.125,1,1
19,127.2,########,14.575,1,1
25,150,########,########,0,0
18,127.8,14.35,14.35,1,1
19,125.2,########,13.5,1,0
20,110,12.25,11.5,1,0
46,100,########,########,1,0
19,151.4,13,13.25,0,0
18,125.1,11.75,11.2,1,0
18,163.3,14.5,13,1,1
19,118,11.82,11.82,1,1
20,140.2,0,0,1,0
38,128.5,12.4,########,1,1
18,131.5,########,########,1,0
18,132.6,########,14.9,1,1
18,122.1,########,13.8,1,0
20,112,11,11.5,1,0
19,133,########,########,1,0
37,127,0,0,0,0
24,130,########,########,1,0
19,136.4,########,########,1,0
19,129,14,12.2,1,1
19,119,########,13.375,1,1
18,128,12.8,13,1,1
18,117.1,########,########,1,1
18,136.3,11.25,11,1,0
19,124.6,10,11.75,1,1
18,130.7,14.4,14.6,1,0
20,115.2,########,144.625,1,0
20,130.2,15.75,13,1,0
18,128.5,########,14,1,0
20,95,13.755,########,1,0
18,119.4,########,13.5,1,1
19,123.5,0,0,1,0
18,133.9,########,########,1,0
20,145.2,########,13.7,1,0
18,118.8,########,########,1,0
19,123.4,########,12.8,1,1
19,123,10.8,########,1,0
19,118.4,12,########,1,0
18,131.6,########,1.471.875,1,0
19,122.3,13,12.25,1,0
24,151.7,0,0,1,1
18,176,0,0,1,1
18,133,14,14,1,1
18,139.8,########,########,1,0
19,119.6,12,########,1,0
35,134,13.625,14,1,1
19,132,12.5,10,1,0
28,130,########,########,1,0
21,141.4,133.875,15.9,1,0
19,128.9,########,########,1,1
19,118.1,14,########,1,0
18,130.6,12.8,########,1,0
18,122,########,########,1,0
19,123,0,0,0,0
20,126.7,########,13,1,1
18,126.6,########,########,1,0
19,125.4,12,########,0,0
20,136.1,13,########,1,1
18,128.8,13.39,########,1,0
18,111.1,########,13.6,0,0
21,135.9,########,11.625,1,1
19,119.6,########,########,1,1
19,116.7,13,10.75,1,0
19,126,########,10.25,1,0
18,134.2,########,14.2,1,0
18,123,########,13.6,1,1
18,123.9,13,########,1,0
31,120,10.9,11.7,1,0
19,112.3,11.5,########,1,0
20,123,########,16,1,1
19,122.3,12.6,13,1,1
19,122.8,14,########,1,1
27,160,########,13,0,0
18,120.1,########,14,1,1
32,142.4,0,0,1,0
18,127.3,########,########,1,0
19,125.5,########,########,1,1
19,137.4,15,14,1,0
18,122,10,0,1,0
18,107.5,12.25,11,1,1
24,104,13.5,13,0,1
19,133.1,12.2,11.5,1,1
21,113.3,0,0,1,0
19,130,12,12.75,1,0
19,124.3,12.32,11.9,1,0
36,105,12.35,12.5,1,1
51,144,0,0,1,0
20,111.9,########,########,1,1
29,107.5,0,0,0,0
27,127.4,11.6,12,0,0
33,149,12,########,1,0
57,120,11.75,########,0,0
20,143.6,12.8,11.6,1,0
26,120,########,########,1,0
27,128,0,0,0,0
19,118.2,10.8,12.25,1,0
23,160,12.5,13.5,1,0
27,152.4,15.2,########,1,0
20,116.6,########,12.575,1,1
19,141.6,########,########,1,1
19,105.5,0,0,0,0
20,116.3,12.2,11.5,1,0
33,110,########,12,1,0
22,119.5,11.2,########,1,0
18,125,########,12,1,0
27,160,########,########,1,0
27,150,0,0,1,0
19,115,10.25,########,1,0
20,128.4,13.2,########,1,1
23,112.8,########,12.5,1,1
22,131,14.575,14.575,1,1
18,121.6,10,0,1,1
18,110,########,########,1,1
31,148.5,14,########,1,1
19,118.3,11.25,0,1,0
19,135.9,11.6,########,1,0
24,115.8,12,0,1,0
19,121.2,13.47,1.332.625,1,0
19,136.2,12.4,12.8,1,0
26,100.2,11.75,11.5,0,0
27,152.7,0,0,0,0
19,123.1,12,########,1,0
29,130,########,15.4,1,0
18,125,12.32,12.32,1,1
19,113.1,########,1.475.625,1,0
18,121.1,########,12.5,1,0
18,162.3,########,15.4,1,1
19,132,0,0,1,0
19,130.7,########,########,1,0
19,122.3,########,########,1,0
19,144.1,12.6,12.375,1,0
19,118.2,########,11.5,1,0
19,133.5,15,########,1,1
18,126.8,0,0,0,0
20,121,########,########,1,0
20,117.7,10.8,11.5,1,0
21,115,########,########,1,0
31,129.2,11.4,########,1,0
20,125.8,########,11.55,1,1
19,118.4,10.5,11.75,1,1
18,142,14.65,14.65,1,0
19,126.7,########,########,1,1
30,109.3,########,########,1,0
21,116.9,10.375,########,1,0
19,121.7,11,15.4,1,0
22,117.1,13.8,13,1,0
18,114.4,########,########,1,1
18,133,11.75,12,1,0
19,118.8,########,########,1,1
18,151,########,########,1,0
21,119.6,13.25,138.375,1,0
18,135.4,1.250.625,13.2,1,0
20,149.9,0,0,1,0
18,120.1,12.75,11.75,1,0
25,173.3,########,16.5,1,0
19,126.2,########,15,1,0
19,126.9,12.2,11.5,1,1
26,157.4,16.5,########,1,0
21,120.2,11.75,11.6,1,0
19,124.8,11,0,1,0
19,130.3,########,########,1,1
18,152.4,15.5,########,1,1
32,113.5,########,12,1,1
18,125.7,########,########,1,1
20,102.4,12.04,########,1,0
20,125.7,########,10.75,1,0
39,120,10.6,10.75,1,1
20,109.3,12.5,13,1,0
18,162.2,0,0,0,0
18,155.7,########,########,1,1
21,147.7,########,15,1,0
18,115.6,########,########,1,0
18,117.8,10,########,1,0
21,125,12,11.25,1,0
22,129.8,########,10,1,0
21,123.1,########,########,1,0
20,122.8,11,########,1,1
21,117.3,0,0,1,1
20,126.5,########,11.8,1,1
19,123,########,########,1,0
20,127.7,15,########,1,1
19,117.5,13.6,12.4,1,0
18,128.4,########,13.25,1,1
18,124.1,14.5,10,1,0
24,140.9,########,10.5,1,0
21,126.2,########,########,0,1
18,120.5,########,10.868,1,1
20,121.1,12,12.8,1,1
20,123.7,13.2,10.75,0,0
18,116.9,12.2,12.25,1,0
25,100,12.58,########,1,1
19,120.2,########,########,1,1
35,153.8,0,0,1,0
19,120.1,########,14,1,1
18,128.1,13,13,1,1
19,126.8,########,########,1,0
19,125.7,11.2,11.2,1,1
18,146.2,16,########,1,0
24,140,########,########,1,0
25,134.5,116.875,########,1,0
28,137,10.5,11,1,0
19,107.5,########,########,1,1
19,112.2,0,0,1,0
30,128.2,0,0,0,1
19,126.8,0,0,1,0
21,132.1,10,0,1,0
19,110,0,0,1,0
29,100,0,0,0,0
18,114.3,12.6,13,1,0
21,116.4,11.25,11,1,0
20,116.9,12.375,11.25,1,0
24,128.2,########,########,1,0
18,127,0,0,0,0
23,140,12,########,1,0
19,120,12.6,########,1,0
35,110,0,0,1,0
20,127,########,########,1,0
33,159.5,0,0,1,0
18,135.2,########,########,1,0
20,122.8,########,12,1,0
19,118,10.8,11,1,0
18,123.6,13,0,1,0
28,111,0,0,0,0
18,144.6,13,########,1,0
25,111.8,########,########,1,0
19,122.1,11.5,11,0,0
18,119.9,11,10.75,1,0
29,130,########,########,1,0
18,118.4,0,0,1,0
20,112.6,########,########,1,1
20,150,0,0,1,0
18,165.8,14.5,########,1,0
21,101.7,13.5,########,1,1
18,124.3,11.2,10,0,0
20,122.1,########,12.25,1,0
23,134.7,11,########,1,0
26,154.5,0,0,1,0
19,128.8,10,0,1,0
24,106,12.36,12,0,1
20,146.2,15.25,########,1,1
26,116.9,0,0,0,0
31,118.2,13,12.25,1,0
27,105.7,1.381.375,1.381.375,1,0
24,126.9,########,12.875,1,0
23,150,11.5,12.2,1,0
20,108.4,119.625,########,1,1
20,114.2,########,########,1,0
24,140,########,########,1,0
39,142.5,11.25,11.5,1,0
18,126.5,12.5,12.6,1,0
20,111.3,0,0,1,0
18,125.1,13.78,13.661,1,0
19,126.3,13.805,142.725,1,0
18,142.2,13.8,12.6,1,0
22,110.2,########,12,1,0
18,127,########,139.375,1,0
18,128.6,########,12.5,1,1
30,130.4,########,10.4,1,0
34,134.4,########,########,1,0
38,100,10.25,12,1,0
19,133,14.11,14.11,1,1
19,126.7,12.4,########,1,0
21,129,12,12,0,0
18,133.7,########,13.5,1,1
20,122.2,########,13.5,1,1
18,128.9,11.6,11.4,1,1
18,154.4,########,14,1,0
36,130,9.8,0,1,1
18,113,########,11,1,1
21,123.3,0,0,1,1
21,130,########,13,1,1
18,101.3,13,12.25,1,0
18,113.7,11.4,11.25,1,0
19,138.8,########,########,1,0
29,140,12.6,########,1,0
20,130,13,13.4,1,1
18,132.5,########,########,1,0
19,117.4,12.75,12,1,0
19,109.8,13.4,12.6,1,1
37,116.5,0,0,0,0
18,165.2,15.75,13.8,1,1
21,113,12.4,11,1,0
19,123.3,11.5,########,1,1
19,116.7,13.4,14,1,0
35,110,########,11.8,1,1
30,118.9,0,0,1,0
27,103.6,########,11.6,1,0
45,122.7,11.5,10.5,1,1
50,113.5,13.25,########,1,1
41,128.2,12.25,13.4,1,0
26,120,12,12,1,0
44,130,12,0,1,0
23,110,########,########,1,0
34,117.7,12,11,1,0
21,99.6,########,14.4,1,1
22,117.9,10,13,1,0
32,113,########,11.5,1,1
20,124.4,########,14.625,1,0
59,140,########,12.875,0,0
30,132.4,########,11.6,1,0
18,124,########,########,1,1
25,132,11,12,1,0
36,149.8,13.8,13.8,1,0
36,160,12,0,1,0
19,114.6,11.25,########,0,0
25,120,10.5,12,1,0
35,100,########,########,1,0
20,128.5,14,0,1,0
35,113,13,0,0,0
27,150.8,11,11,1,0
18,130.8,########,########,1,0
23,114.5,12.1,########,1,0
19,114.8,10.5,11.25,1,0
18,126.2,11.94,12.8,1,1
26,129,12.86,########,0,0
19,110.5,14.25,14,1,0
19,132.5,0,0,0,0
18,130.7,0,0,1,0
19,130.4,########,143.625,1,1
19,124.3,1.346.875,1.331.375,1,1
19,132.6,13.6,14.6,1,1
21,146.7,########,########,1,1
18,130.1,########,13,1,0
33,120,13.3,########,1,0
32,121.3,########,########,1,0
17,133.3,1.341.625,1.341.625,1,1
31,110.5,0,0,1,0
32,102.5,########,13,1,1
18,150.9,16,14.625,1,0
31,106.6,11,########,1,0
20,118.3,########,12.4,1,0
40,117.9,0,0,0,0
32,135,14.8,14.2,1,0
40,120,13,14,0,0
18,167.1,0,0,1,1
28,115.8,10,10,0,0
19,141.2,11.2,12,1,0
19,118.4,########,13,1,1
21,134.3,0,0,1,0
22,128.7,10.5,0,1,0
18,116.1,12.5,########,0,0
27,100,0,0,1,0
19,118.8,11,10,1,0
30,130,########,12,1,0
28,150,0,10,1,0
34,116,17,11,1,1
21,99,11,########,1,0
20,132,########,########,1,1
31,125,########,12,0,0
21,116.2,11,11.5,0,0
27,100,11,########,0,0
19,132.9,13.25,11.8,1,0
21,132.5,0,10,1,0
21,140,12.5,0,0,0
35,100.1,########,12.25,0,0
28,128.2,12,########,1,0
24,133.4,11.25,########,1,0
19,136.1,0,0,0,0
20,123,12.4,13,0,0
20,130.3,########,########,1,1
19,153.7,13,10,1,0
37,142.5,12,########,0,0
19,114.6,12,13,1,0
36,108.5,0,0,1,0
29,140,0,0,1,0
30,120,11.375,11.6,1,0
32,120,12,0,1,0
26,127.6,########,########,1,0
37,140,12,10.5,1,0
27,111.3,12,11,1,0
18,131,########,########,1,1
18,139.5,15.3,15.3,1,1
32,110,11.5,0,0,0
20,130,13,12.6,1,0
22,115,0,0,1,0
32,154.3,0,0,1,0
21,135,11,12,1,0
19,115.2,########,13.125,0,0
18,130.6,13.5,14,1,1
18,117.4,12,11.4,1,1
38,150,0,0,0,0
21,131.3,11.8,10.5,1,0
21,120.4,11.5,13,0,0
26,113.6,11.5,12,1,0
19,125,########,########,1,0
19,132.3,14.06,14.06,1,1
18,142.7,11,########,1,0
25,130,0,0,1,0
19,120.8,########,########,1,0
18,130.3,########,########,1,1
19,119.9,12.875,########,1,1
22,110.5,########,12.5,1,1
21,160,########,########,1,0
21,118.6,14.5,########,1,1
20,112.3,########,########,1,1
19,124.4,11.25,########,1,0
18,125,13.9,13.9,1,0
26,105.8,########,########,1,0
31,121.5,########,########,1,0
18,134.2,########,########,1,1
35,130,0,0,1,0
19,122.8,14.5,########,1,0
19,108.7,10.8,########,1,1
18,136.7,########,########,1,0
20,119.1,########,11.8,1,0
19,151.3,12.75,13.25,1,1
21,108.3,10.5,12.4,1,1
18,127.4,########,########,1,1
23,124,1.288.625,1.288.625,1,0
21,155,13,########,1,1
19,114,12.2,11.2,1,1
19,118.9,12.8,14.5,1,0
20,160,########,########,1,0
18,126.1,0,13.25,1,0
18,136.5,1.450.125,1.450.125,1,1
19,122.3,14.35,14.35,1,0
21,128,11.5,########,1,1
18,156.5,########,########,1,1
20,125.7,########,13.6,1,0
18,143,13,########,1,0
18,131.9,1.356.875,1.402.625,1,1
32,113.7,10.2,11.25,1,0
18,155.1,0,0,1,0
19,121.1,12.2,11.8,1,0
18,130.3,1.415.375,1.415.375,1,1
18,123.3,0,0,0,0
20,117.4,########,########,1,0
19,140.3,########,14,1,0
19,120,########,########,1,0
18,133.4,11,0,1,0
18,126.7,0,0,1,0
18,129.3,########,1.294.375,1,1
20,125.7,########,14.775,1,0
19,144.8,########,12.5,1,0
21,98.6,11,0,1,0
19,126.9,########,########,1,1
20,146.7,########,14,1,1
21,117,132.575,132.575,1,1
23,130,0,0,1,0
18,125.8,########,11.5,0,1
30,160,14.6,15.4,1,0
20,134.2,0,0,1,0
29,96,########,0,0,0
24,101.8,10.8,11,1,0
20,125.2,########,########,1,0
27,100,12.5,########,1,0
23,140,0,0,1,0
23,120,########,########,1,1
18,134.3,14.2,14.2,1,0
19,144.7,########,########,1,1
19,131.9,########,143.875,1,0
18,136.7,########,14,1,1
19,129.8,########,13,1,0
18,146.5,########,13.5,1,1
29,122.5,10.5,########,1,0
24,117.8,########,119.625,1,0
19,106,12.75,11,1,0
19,119,11.15,########,1,0
19,115.1,########,13.625,1,0
20,116.9,11.5,12.4,1,0
18,141.7,########,########,1,0
18,127.7,########,########,0,0
19,122.1,########,130.375,1,1
19,153.5,########,########,1,0
18,141.4,0,0,1,1
19,135.8,13,13,1,1
18,127.5,########,########,1,1
24,151.6,########,12.125,1,0
28,121.4,13.375,13.5,1,0
20,100,########,########,1,0
19,131.5,########,########,1,1
22,109.3,10,10,0,0
19,127.9,########,########,1,0
36,140,########,13,1,0
19,160,########,14,1,1
18,119.8,########,########,1,0
40,153,0,0,0,0
19,125,12.9,12.9,1,1
38,103.7,13.126,13.126,1,0
32,120,11.5,########,1,0
19,146,########,11.8,1,0
19,116.9,13.5,########,1,0
35,117.9,0,0,1,0
20,128.6,12,11.5,1,0
29,135,########,11.375,1,0
29,124.6,11.4,10.25,1,0
19,124,########,########,1,1
18,129.5,########,########,1,1
25,111.3,########,13.5,0,0
50,95,0,0,0,0
24,131.8,########,########,1,0
18,119.1,0,0,1,0
20,125.4,########,########,1,0
20,140.7,########,########,1,1
21,131.9,11.5,12.4,1,0
28,124,11,10,1,0
19,139.2,13,########,1,1
18,121.8,1.293.875,1.293.875,1,1
22,132.9,0,0,1,0
25,130,0,0,1,0
37,130.1,13,12.88,0,0
38,124.5,12.18,118.125,0,0
36,162.3,########,11.4,1,0
18,137.8,13,13,1,0
19,119.5,0,0,0,0
24,110,12.5,########,1,0
20,105,11,########,1,0
21,142.8,0,0,1,0
32,128.2,0,0,1,0
39,120,0,10,1,0
33,130,0,0,0,0
20,121.7,12.4,10.75,1,1
19,116,15.5,14.1,1,0
43,133.2,11.5,10.8,0,0
49,116.7,########,11.6,1,0
18,126.4,########,13.5,1,1
27,140,0,0,1,0
19,120.3,12.6,13.6,1,1
45,118,13.5,0,1,1
19,149.5,13,13,0,0
21,130,########,11.75,1,1
18,126.3,########,13,1,1
18,116.2,0,0,1,0
29,126,0,0,0,0
19,122.3,11.5,11.6,1,0
18,119.5,11.25,12.25,1,1
22,131.8,########,12.375,1,1
18,130.7,########,########,1,1
20,140,12.4,15,1,0
20,129.5,0,0,1,0
29,130,14,0,1,1
29,114,########,11.25,1,0
23,121,13,11.25,1,0
19,116.4,0,0,1,0
18,121.7,0,12,1,0
22,130,11.5,12.5,1,0
34,120,########,11.5,1,0
26,125,12.6,########,1,0
24,134.1,########,11.25,1,0
17,149.5,14.875,########,1,1
21,113.2,10,########,1,0
34,146,14.2,14.6,1,0
19,140,########,13.5,1,0
49,162.4,11.6,11.2,0,0
23,136.6,11.94,12.2,1,0
18,111,11.6,14.2,1,0
20,115.7,12.7,13.475,1,0
19,105.7,########,13.8,1,0
24,128.2,########,########,1,0
18,137,13.4,15,1,0
45,120,0,0,0,0
30,120.5,11,0,1,0
28,118.1,12,########,1,0
40,139,0,0,1,0
32,116.3,0,0,0,0
19,120.5,12.5,10.25,1,0
20,134.9,########,########,1,0
18,123,10,0,1,0
20,122.9,11.5,13,0,0
39,140,12.25,12.75,1,0
19,122.5,13.6,########,0,0
38,121.5,10.5,########,1,0
18,132.3,########,########,1,1
18,131.5,125.125,141.875,1,1
28,128.2,0,0,1,0
31,148,0,0,0,0
23,121.5,########,########,1,0
21,135.4,12.565,12.16,1,0
33,139,0,0,0,0
22,113.4,13,########,1,0
20,150,16.5,########,1,0
19,122,########,13.2,1,0
20,150,13.8,########,1,0
25,119.3,########,11.8,1,0
25,140,0,0,0,0
19,125,########,########,1,0
20,140.7,12.6,14.5,1,0
33,100,13.06,0,1,0
19,146.7,########,13.625,1,0
31,96,0,0,1,0
24,160,16,16,0,0
23,130,0,0,0,0
26,130,########,########,0,1
38,140,14.5,14.5,1,0
20,116.6,14,13.8,1,1
20,120.5,########,########,1,0
25,103,0,0,1,0
19,111.9,12,11.2,1,0
18,148.7,16.2,16,1,0
28,120,########,10.6,1,0
18,125.7,0,0,1,0
20,120.1,########,########,1,1
18,127.8,########,########,1,0
19,106.4,10.2,10.5,1,0
24,100,10.25,10.25,1,0
21,123.9,0,0,1,0
20,139.5,########,########,1,1
21,150,13.625,12.6,1,0
24,139.8,########,########,1,0
27,154.4,0,0,1,0
19,115.5,12.5,10.5,0,0
39,119,########,########,1,0
25,96.1,15,11.5,1,0
18,130,0,0,0,0
19,128.8,########,13,1,0
21,126.8,########,14,1,1
27,130,0,0,1,0
19,116.7,0,0,1,0
18,125.5,########,########,1,0
27,110,########,########,1,0
18,133.7,13,11.8,1,0
19,117.6,11.5,11.4,1,0
19,140,13.25,12,1,0
22,150,########,12.75,1,0
18,133.7,13.5,########,1,0
18,137,########,12.8,1,1
23,128.2,########,14.5,1,0
20,129.2,0,0,0,0
18,129.5,########,########,1,0
18,129.6,########,########,1,0
18,121.7,11.8,12,1,0
20,141.8,########,########,1,0
20,129.8,12.8,12.75,1,0
21,106,11.8,11,1,0
22,121.6,0,0,1,0
20,121.5,15.8,########,1,0
19,117,0,0,1,0
19,130,12.5,11.6,1,0
20,117.7,########,########,1,0
19,140,12.5,12,1,0
19,133.1,12,10.5,1,0
24,100,########,########,1,0
18,119.1,########,########,1,0
18,129.8,15,14.2,0,1
18,131.3,13.6,11.8,1,0
18,136.7,12.5,########,1,0
21,126.2,########,13.5,1,1
18,109.6,12.25,11,1,0
18,131.9,########,1.609.375,1,1
18,140.7,########,16,1,1
23,120.7,11,0,1,0
21,113.8,########,11.75,1,0
20,121,10,13,1,0
26,112.4,########,11,1,0
18,131,########,11.2,1,1
18,142.7,0,0,1,0
19,125.5,########,########,0,1
20,107.8,########,13,1,1
19,110.4,########,########,0,0
21,136.1,12,12.5,1,0
33,138.3,########,13,1,0
18,142.3,12.75,12.75,1,0
21,145,########,########,1,0
19,125.7,13,########,1,0
33,108,########,########,0,0
18,128.7,########,13.91,1,0
18,128,14,########,1,1
20,146.5,13.5,########,1,1
20,106.1,0,0,0,0
20,118,########,14,1,1
19,117,12,########,1,1
19,115.4,########,########,1,1
21,117,########,########,1,0
26,144.9,11.75,12.8,1,0
21,127,0,0,1,0
18,118,########,########,1,0
27,118,########,10,1,0
20,126.4,13.25,########,1,1
21,110,########,13.25,1,0
18,124.4,13.3,15.125,1,1
20,140,########,11.8,1,0
18,129.4,########,########,1,0
20,141.7,########,########,1,1
19,132.1,########,13,1,1
20,116.8,########,########,1,0
20,135,12.4,########,1,1
20,150,14.5,11.25,1,0
19,116,0,0,1,0
18,155,########,13.25,1,0
18,127,########,12.6,1,0
19,130.8,########,########,1,1
19,121.8,########,########,1,0
43,140,12.875,########,1,0
47,148.5,14.625,13.4,1,0
23,109.8,0,0,0,0
19,119.7,########,########,1,1
20,122,########,########,1,0
19,147.5,########,########,1,1
19,150.8,16,14.5,1,0
19,150,########,13,1,0
39,131.5,########,13.75,1,1
20,127.2,########,13,1,1
21,111,12.5,########,1,0
22,119.9,########,11.25,0,0
19,133.7,13,0,1,0
22,140,########,16,1,0
19,113.9,########,12,1,1
18,120.7,0,0,1,0
26,119.8,12,10.2,1,0
36,121.8,0,0,0,0
20,117.7,0,0,1,1
30,110,11,11.5,1,0
24,134.4,########,15.9,1,0
26,125.3,########,########,1,0
19,119.1,12,0,0,0
34,146,12.6,11.25,1,0
33,130,13,14,1,0
19,122,11.6,10.75,1,0
26,118.1,10,11,0,0
29,105.2,14,0,1,0
19,123.3,12.6,12.5,1,1
18,124.8,0,0,1,0
29,149.4,########,12,0,0
21,108.5,########,11.4,1,0
19,125,10.8,10.5,1,0
20,101,########,1.185.625,1,0
18,112.9,0,0,1,0
18,120.2,########,11.4,1,0
21,111.6,12.6,########,1,1
20,134.1,0,0,1,0
30,101.6,0,0,1,1
19,111.9,########,14,1,0
30,118.4,13.4,13.25,1,0
22,127.1,11.2,11.25,1,1
22,120.5,0,0,1,0
19,136.1,########,11.8,0,0
21,124,########,11.25,1,0
21,141.6,12.25,12,1,0
21,160,0,0,1,1
27,110,10.75,########,1,0
32,100,0,0,1,0
40,120,0,0,0,0
20,124.8,########,12.5,1,0
20,140,11.5,11.5,1,0
18,124.3,0,0,1,0
21,118.9,10.5,0,1,0
18,130.2,13.5,0,1,0
19,120,11,0,1,0
30,140,10,0,0,0
29,130,0,0,1,0
18,130.4,12,########,1,0
18,116.1,12.25,12.2,1,1
22,130,11.4,########,1,0
27,124.3,0,0,0,0
20,125,14.25,14,1,0
42,110,########,14.2,1,0
21,115,########,########,1,0
23,129.6,########,11.95,1,0
21,128.8,13.2,13.5,1,0
19,144.2,0,0,1,0
40,134,########,12.75,1,1
22,112,11.2,11.25,1,0
19,128.8,13.2,13.2,1,0
24,134,########,14,1,1
21,125,########,11.5,1,0
18,123.2,13.6,14.6,1,0
18,118.4,0,11.5,1,0
24,116.2,########,########,1,0
28,123,########,########,1,1
19,113.5,13.5,14,1,1
28,125,########,15.6,1,0
18,134.8,0,0,1,0
19,149.9,0,0,0,0
19,119.8,1.282.875,1.282.875,1,1
21,125,0,13.75,1,0
18,135.1,0,0,1,0
19,138.3,########,########,1,0
19,122.5,########,########,1,0
20,148,14.7,########,1,0
18,126.2,########,12.2,1,0
20,129.8,14.85,14.85,1,0
26,104,12,0,1,0
18,126.7,136.875,########,1,0
58,120,12.4,11.6,1,0
18,124.6,13.398,135.425,1,0
20,130,11.8,12,1,0
20,127.3,0,0,1,0
29,122,########,########,1,0
27,125.1,0,0,0,0
21,110,########,13,1,1
20,129.8,########,########,1,1
19,114.9,11.5,12.2,1,1
22,125.6,########,13.15,1,1
19,125.1,########,13,1,1
19,115.7,########,0,0,0
23,112.6,13.6,11.6,1,0
18,127.2,########,13.2,1,1
19,140,0,0,1,0
20,140,########,12.6,1,0
19,120.4,13.5,########,1,1
26,100,0,0,0,1
18,113.5,########,########,1,1
29,132.1,12.5,12.5,1,0
20,160,13.375,13,0,0
19,126.3,########,########,1,0
23,160,13.4,13.5,1,0
25,100,13,########,1,0
18,125.8,########,########,1,0
19,142.2,########,########,1,1
18,119.4,########,########,1,0
19,106.4,13.34,########,1,1
36,120,13,13.75,1,0
20,150,12,########,1,1
20,148.6,0,0,1,0
18,108.7,11,0,1,0
19,130,11.5,########,1,0
20,124.6,########,12.5,0,0
18,131,########,13.472,1,0
20,130,11,########,1,0
24,116.1,0,0,0,0
19,125.6,0,0,1,0
18,121.3,12,12,1,0
18,107.4,14,13.2,1,0
18,116.9,########,11.8,1,0
22,123.5,0,0,1,0
19,130.5,14.25,########,1,0
32,140,0,0,0,0
21,117.1,0,0,1,1
19,127.5,########,########,1,1
39,126,########,########,1,1
30,113,########,########,1,0
18,130.1,10.75,10,1,0
38,110,10.75,10,1,0
20,135.8,########,########,1,0
55,126.3,########,########,1,0
53,130,########,13,1,0
54,104,12.75,12.6,1,0
18,123.6,12.86,12.86,1,1
44,121,12,12,0,0
28,130.5,########,########,1,0
37,180,16.5,########,1,0
20,112.5,########,########,1,0
18,126.1,1.259.125,########,1,0
19,111.8,11.5,11,1,0
23,131.4,########,########,1,1
22,144.3,0,0,1,0
24,115,0,0,0,0
22,120,13,11.5,1,0
26,168.6,0,0,1,0
18,127.7,########,########,1,0
24,150,11.75,13.5,1,0
18,129.8,0,15,1,0
26,135.6,0,0,1,0
27,100,########,14.75,1,0
20,140,12.6,13.2,1,1
19,124.1,0,14,1,0
18,131.6,15.5,15.5,1,1
18,129,########,########,1,0
19,135.7,13.2,13.25,1,0
34,108,########,########,1,0
19,110.8,0,0,1,0
19,124.5,14,########,1,1
30,100,12,11.8,1,0
22,123.8,0,12,0,0
19,131.4,10,########,0,0
21,118.5,10,10,1,0
22,122,0,0,0,0
19,122.9,########,########,1,1
20,118.7,11.75,########,1,0
35,100,11.75,0,1,0
20,135.9,10,11,1,0
21,138.4,14,12.8,1,0
27,128.2,0,0,0,0
26,107.4,12,0,0,0
20,129.8,0,0,0,0
28,100,########,11.6,0,0
19,113,########,########,1,0
47,107,0,0,0,0
55,130,11.4,12.4,0,0
39,120,0,11,1,0
35,120.5,########,########,1,0
32,120.5,11,0,0,0
20,137,########,########,1,0
36,115,########,13.2,1,0
34,142.7,########,14.375,1,1
21,116.7,0,0,1,0
42,136.1,10,11,1,1
25,134.3,11,11.75,1,0
18,153,11,0,1,1
18,132,12,########,1,1
19,129.6,11.125,########,1,0
34,105,########,11.5,0,0
20,130.8,12,0,1,0
20,119.7,0,0,1,0
21,132.5,14.54,14.54,1,0
19,130,########,13,1,0
31,120,13.5,########,0,0
21,150,14.75,########,1,0
20,115.6,12.375,########,1,1
22,119.1,########,########,1,0
19,123.5,12.5,0,0,0
41,120,0,0,0,0
27,110,0,0,1,0
19,131.4,########,########,1,0
20,126.8,14.2,14.2,1,1
19,118.9,13.55,13.55,1,1
35,160,11.6,########,1,0
22,115.9,########,########,1,0
20,109.3,########,15,1,1
18,113.9,11.25,########,0,0
18,121.8,10.2,11.25,1,1
30,140,########,########,1,0
18,114.7,########,12,1,1
20,120,14.5,15,1,1
19,107.3,10.4,10.75,1,1
19,136.2,13,########,1,0
21,119.5,########,14.125,1,1
21,106,13,12.5,1,0
18,124.1,########,########,1,0
18,133.2,14.25,12.5,1,1
35,110,12,10.5,0,0
21,114.8,13.25,13.82,1,0
18,130,########,########,1,1
22,122.6,11,0,1,0
20,133.5,119.725,1.265.125,1,1
34,120,12.4,12.8,1,0
33,120,12.6,11.25,1,0
22,137.3,13.9,13.9,1,1
20,123.5,11.5,11,1,1
35,131.8,14.2,########,1,0
39,130,########,########,0,0
19,128,0,0,0,0
36,95,11,########,1,1
21,116,########,########,1,1
22,136.7,12.5,########,1,0
42,107.5,########,########,1,1
34,108.4,0,0,1,0
20,130.7,########,11.6,1,0
33,155.9,########,15.5,1,0
20,106.1,11,11.4,1,0
19,128.6,12.25,12.75,1,0
34,140,12.2,########,1,0
18,145,13,14,1,0
24,113,12,13,1,1
18,137.1,########,########,1,0
20,119.7,13,13,1,0
21,120.5,12.91,12.91,1,0
19,125.7,11,11,1,1
19,125.5,########,1.293.625,1,1
18,124.5,12.4,12.5,1,1
38,126,########,13,1,1
21,136.2,########,11.7,1,0
23,124.2,10,0,1,0
19,138.5,1.434.125,1.434.125,1,0
18,122.3,########,12,0,0
18,126,0,0,1,1
24,135.4,11.8,11.25,1,0
18,146.5,########,########,1,1
18,121.9,14.5,########,1,0
26,130,########,13.4,1,0
19,115.2,10,10,1,0
19,115.2,0,0,1,1
19,125.1,11,12.5,1,0
20,108,12,11,1,0
22,125.9,10,13.5,1,0
19,128,########,########,1,0
20,113.5,########,150.125,1,0
36,124.6,11,13.375,1,0
29,116,0,0,1,0
19,124.9,12,11,1,0
24,140.5,0,0,0,0
27,179.6,0,0,0,0
18,116.1,########,########,1,1
18,139.4,0,0,1,1
21,129,0,0,1,0
43,135.6,11,13,1,1
18,147.8,13.2,14.4,1,1
21,138,13.5,########,1,1
26,150,0,0,1,0
19,130.8,########,########,1,1
18,122.6,13,12.4,1,0
22,119.1,12,10,1,0
27,111.8,0,0,1,0
18,125,12.8,12.6,1,0
19,129.9,13.6,12.2,1,0
18,131.1,########,15.75,1,0
19,141.4,15,########,1,1
32,120,0,0,0,0
23,133.4,########,########,1,0
20,127.3,########,########,1,0
20,131.8,13.25,########,1,0
19,114.8,########,########,0,0
18,132.8,1.301.125,1.301.125,1,1
21,140,########,12,1,0
20,108.3,0,0,1,1
22,150,13,########,1,0
26,160,12,11.4,1,0
20,131.7,########,13.8,1,0
19,112.6,11.85,13.65,1,0
31,111.1,11,11.2,1,0
20,127.5,########,11.736,1,1
20,120.2,12,########,1,0
21,118.9,########,########,1,0
18,119.9,13.78,126.125,1,0
19,127.3,13.8,13.8,1,1
18,127.9,########,########,1,1
40,133,13,12.6,1,0
18,114.6,########,########,1,1
18,144.5,########,########,1,0
19,125.4,12.5,########,1,0
19,145,########,########,1,1
28,138.1,0,0,0,0
20,124.6,12.5,########,1,0
18,130.8,11.25,13,1,0
18,140.5,15.25,15.25,1,0
20,124.1,14,12,1,1
28,118.4,########,########,1,0
23,128.2,14.625,########,1,0
19,109.5,10.5,10.5,1,0
18,131.1,########,########,1,1
20,137.9,12.5,11.8,0,1
20,128.2,########,########,1,0
27,126.5,10.5,0,1,0
18,120,12,12,1,0
37,123,########,12.3,1,1
42,130,12.62,########,0,0
20,141.1,13,142.125,1,0
34,140,0,0,0,0
22,133.6,0,0,1,0
39,123.5,13.5,########,1,0
18,136.3,########,########,1,1
21,123.5,########,########,1,1
34,112,0,0,1,0
22,160,13.125,13,1,1
31,110,14.4,0,1,0
19,116.8,12,0,0,0
19,109.5,0,0,1,0
31,100,0,0,1,0
19,117.3,10.8,10.5,1,0
30,130,0,0,1,0
20,137.8,########,########,1,1
18,136.5,########,14.8,1,1
31,138.7,########,12,1,0
19,124.9,12,11.25,1,0
43,140,0,0,1,1
20,122.6,########,14,1,1
19,129.5,139.475,139.475,1,1
22,155,########,0,1,0
26,100,12.75,########,1,0
19,137.6,12.6,11.25,1,1
29,120,12.25,12.25,1,0
20,114,0,########,1,0
38,139,11,11.4,1,1
41,110,########,12.7,1,0
19,128.5,########,########,1,0
19,132.2,########,13.875,1,0
43,130,########,0,1,0
19,129.3,11.8,13.2,1,0
19,128.2,########,########,1,1
18,130.3,1.374.625,1.374.625,1,0
19,162.5,0,0,1,0
38,130,0,0,1,0
37,110,0,0,1,0
26,142.3,########,14.5,1,1
21,122,10,11.4,1,1
18,153.6,########,########,1,1
18,112.9,########,########,1,0
18,124.1,14.5,13.6,1,0
19,129.7,########,########,1,0
18,110,12.6,12,1,0
18,136.3,########,########,1,0
19,146,########,13,1,1
19,129.9,0,0,1,0
18,140.9,########,13,1,1
18,135.5,13.9,13.9,1,0
20,122,########,########,1,1
22,140,########,12.875,1,1
18,163,0,0,1,0
19,107.4,########,########,1,1
20,114.3,11.25,########,0,1
19,140.8,12.4,12.75,1,0
20,126.3,########,########,1,1
28,110,12,12,1,0
19,126.2,14,########,1,0
22,140,########,########,1,0
19,123,########,12.625,1,0
18,157,0,0,0,0
18,149.7,15,########,1,0
22,140,12.25,########,1,0
20,170,########,########,1,0
24,130.2,########,12.75,1,1
22,135.5,########,11.25,1,0
20,118.3,########,14,1,0
20,116.3,########,1.195.625,1,1
35,120,0,0,0,0
18,154.7,11.8,12.6,1,1
19,132.7,########,########,1,0
18,130.8,########,14.6,1,0
18,122.7,11.75,10,1,0
31,130,########,13,1,0
19,123.6,13.5,14,1,1
20,116.5,12.625,130.625,1,1
21,111.1,0,0,1,0
18,136.3,########,########,1,1
18,129.8,11,0,1,0
33,134.7,12.8,########,1,0
18,131.8,########,12.8,1,1
18,126.8,0,0,0,1
21,130.7,11.5,11,1,0
19,109.8,11.25,12,1,0
28,133.9,########,########,1,0
29,109.9,0,0,0,0
36,160,12,########,0,0
32,106.5,########,########,1,1
25,120,13.29,13.29,1,1
33,107.8,10.375,########,1,0
34,100,12,13,0,0
33,112.5,11.4,########,1,0
29,135.5,13.25,12.6,0,0
18,145,########,0,1,0
18,119,########,########,1,1
38,130,13.75,14.5,1,0
19,126.3,########,########,1,1
39,113.5,########,15.5,1,1
37,120,########,########,1,0
32,111.3,0,0,1,0
18,130.2,0,0,1,0
20,140.2,########,12.625,1,0
20,113.9,########,########,1,0
23,99,########,########,1,1
19,124,11.2,11.75,1,0
18,138.9,########,########,1,0
19,130,12.8,########,1,0
20,120.8,13.25,11.8,1,0
19,127.8,13.78,13.78,1,0
19,126,15.11,15.11,1,0
18,126,11,11.2,1,0
20,138.5,########,########,1,1
20,119.4,########,########,1,0
24,101.5,12.16,12.16,1,0
24,101.5,0,0,1,0
20,126.2,########,15.5,1,0
20,129.8,########,########,1,0
18,138.4,########,12.5,0,0
18,129.3,14.2,14.2,1,0
21,113.1,12.2,13.2,1,0
18,144.3,13,########,1,0
19,141,########,########,1,1
22,130,17,########,1,0
19,117.5,10.8,########,1,0
18,131.8,########,########,1,0
19,133.7,13.5,11.4,1,1
24,115.4,########,########,1,1
19,129.1,12,13.5,1,0
34,135.5,########,########,1,0
19,112.4,########,13.875,1,0
18,130.8,########,########,1,1
19,131.6,14.368,1.444.875,1,1
25,140.8,########,########,1,0
21,140,12.25,12.2,1,0
18,114.2,12.2,11.6,1,0
18,127.3,11,11.5,1,1
28,115,12.8,11,1,0
18,118.8,########,########,1,1
41,125,########,13,1,0
18,111.5,########,13.5,1,0
21,124.2,11.25,11.4,1,1
41,130,0,0,1,0
32,120,16,16,1,0
29,110,########,11,1,0
24,113.3,12.4,12.15,1,0
22,123.5,########,118.375,1,0
21,101,0,0,1,0
39,120.9,12,125.625,1,0
44,154.6,12.75,10,0,1
20,120.2,10,11,1,0
21,146.5,########,########,1,0
18,160.1,########,########,1,0
34,150,########,12.5,1,0
18,135.8,########,14.8,1,0
19,143.8,0,0,1,0
18,116.8,########,########,1,0
19,113.9,15,########,1,0
18,118,########,########,1,1
19,150.2,13,12.5,1,0
19,115.1,13.075,12.05,1,1
18,131.3,13.5,########,1,1
23,120,11.8,########,1,1
18,110.3,12.6,11.8,0,0
33,100,########,11,1,0
19,110.7,########,11,1,0
21,143.4,0,0,1,0
18,115.9,########,13.2,1,0
21,145,12.25,11.8,1,1
19,140.9,########,13.5,1,0
20,108.4,10.5,11.75,1,0
20,114.3,0,0,1,0
20,110,12.75,########,1,0
18,121.7,0,11,1,1
18,123.7,14,14,1,0
20,116.5,########,15,1,1
21,155,########,########,1,1
19,129.3,########,########,1,0
18,121.7,########,12.5,1,1
27,148.2,12.125,12,1,0
21,125.5,13.2,132.575,1,1
18,131.9,14.15,1.451.125,1,1
18,121.8,13.5,########,1,0
28,107.7,0,0,0,0
36,115.5,12.2,11.4,1,0
20,139.8,14.8,14,1,0
19,133.2,11,11.4,1,0
20,118.4,0,0,1,0
19,123.3,14,11.75,1,0
28,134.5,########,13,1,0
20,110.6,11.75,11.8,1,0
28,154,########,12,1,0
24,160,########,########,1,0
20,140,########,11.5,1,0
22,132.5,12.25,11.6,1,0
18,127.7,########,13.5,1,1
22,117.5,11.5,0,0,0
18,127,########,12.25,1,1
21,125.5,########,########,1,1
19,140.5,13,########,1,0
22,118.3,15,10.25,1,0
20,120.8,########,########,1,1
20,95,11.75,11.8,1,0
19,122.2,########,########,1,0
20,143.9,0,0,1,0
20,127.2,13.4,12.375,1,1
20,120.2,11.8,11.5,1,0
19,134.8,########,########,1,0
18,142.6,########,14,1,1
18,147.9,########,########,1,1
19,160.4,0,0,0,0
20,134.6,13.6,13,1,0
22,121,########,13.25,1,1
18,142.7,########,########,1,1
19,115.6,########,########,1,0
20,130,13.4,11.4,0,1
19,124.3,133.125,156.375,1,1
18,137.9,0,0,0,0
20,100,0,0,0,0
19,128.2,########,13.5,1,1
18,135,13.5,########,1,0
18,121,13,########,1,0
22,147,12.5,0,1,0
18,149.5,17,16,1,0
20,144.4,13.5,13,1,0
19,116,########,########,1,0
19,120.7,13,########,1,1
21,141.8,########,13.5,1,0
19,119.7,11.5,11.5,1,1
19,118.4,13.5,########,1,1
45,134.5,13.6,13,1,0
28,128.2,12,0,0,1
28,115,14.95,147.375,1,0
25,130,11.25,12,1,0
19,120.7,########,12.25,0,0
19,130.5,########,########,1,0
20,107.4,10.5,11.25,1,0
22,100,11.25,11,1,0
20,125,########,14,1,1
20,121.5,########,########,1,0
20,127.2,########,11.5,0,0
27,160,########,########,1,0
22,120,########,########,1,0
19,141.5,########,########,0,0
19,111.4,11,11.5,0,0
18,136.6,########,10.375,1,0
19,154.6,########,########,1,0
20,111.4,0,0,0,0
39,120.1,########,11.25,0,0
37,100,########,11,1,0
30,140,########,########,0,0
41,130,14.3,14.2,1,0
40,100,11.832,11.832,0,0
20,106.1,10,0,1,0
28,151.4,12,11.6,1,0
19,113.7,12.2,0,0,0
23,116.5,########,11.25,1,0
18,120,########,########,1,0
24,122,########,########,1,0
21,117.1,########,12.75,1,0
19,120.8,########,########,1,0
19,141.4,13,14,1,0
48,110,0,0,0,0
38,120,########,13,0,0
19,120.2,########,13,1,0
30,138.4,########,11,1,0
24,150,########,########,1,1
19,121.8,########,########,1,0
21,140,0,0,1,0
21,116.3,########,12.2,1,1
19,131.5,11,12.25,1,0
18,141,13,10,1,0
18,138,########,12,1,1
19,127.5,14.6,15.2,1,0
19,127,########,########,1,1
18,118.9,14,########,1,0
25,134.5,########,12.6,1,0
18,133,13,########,1,0
29,114,13,0,0,0
21,116.7,10,########,1,0
18,125.1,########,########,1,1
20,137.2,0,0,1,1
27,111.4,11,0,1,0
21,105,11.25,0,1,0
20,124.3,10.75,########,1,0
28,132,11,0,0,0
24,110,########,########,1,1
22,134.7,11.75,11,1,0
20,136.8,12.8,########,1,0
21,160,########,11.4,1,0
23,130,########,13,0,0
18,128.8,11.6,########,1,0
20,148.4,########,########,1,1
19,130.4,0,0,1,0
32,126,########,139.125,1,0
20,118.7,########,11,1,0
32,120,########,13.75,1,0
28,120,11.625,11,1,0
21,116.3,11.5,########,1,1
19,133.9,14,13,1,1
24,150.3,########,0,1,0
18,118.3,10,10,1,0
20,130,########,12,1,0
25,140,0,0,0,0
25,110.4,########,########,1,0
18,139.7,11.6,12,1,0
19,138.3,13.75,0,1,0
18,123.2,11,10.5,1,0
25,120,0,0,0,0
38,127,0,0,1,0
19,114.2,0,0,1,0
19,119.7,########,13.2,1,0
22,150,########,13.625,1,1
18,123.5,0,10,1,0
32,130,14.75,15,0,0
37,124.6,########,########,1,0
21,119.4,0,0,1,0
18,121.9,########,12.5,1,0
19,110,12,########,1,0
19,118.7,12,14,1,1
19,163.1,15.25,15,0,0
19,121.7,12.4,########,1,1
21,135,########,11.25,1,0
28,147.9,11.5,12,1,0
19,118.1,12.2,11.75,0,0
28,105.3,10.5,0,1,0
19,139.8,14.4,14.4,1,1
32,130,########,12.8,1,0
26,127.5,12,13.2,0,0
25,120,0,0,1,0
31,124.2,########,13.5,1,0
20,113.4,########,########,1,1
19,118,0,0,1,0
23,130,0,0,1,0
18,135.9,13.2,########,1,0
19,135.8,########,11,1,1
18,133.1,12.5,########,1,0
21,118.8,########,12.5,1,0
20,117.1,17,17,1,0
24,114.5,13,13.25,1,0
18,127.2,########,12.5,1,1
25,130,########,########,1,0
20,116.1,########,11.5,1,0
18,130.5,14.24,14.24,1,0
24,104,13,########,1,0
18,128.5,14.06,########,1,0
21,126,########,13.2,0,0
18,141.1,########,########,1,0
20,102.8,10,0,1,0
19,129.2,11,10,1,0
20,119.3,########,136.625,1,0
20,126.3,########,########,1,0
20,140,########,########,1,1
20,131.5,12.5,########,1,0
18,137.6,########,########,1,0
18,142.8,0,0,1,0
30,146.2,########,12.8,1,0
18,162.1,########,########,1,0
35,140,########,0,1,0
31,120,10.5,########,0,0
19,133.3,11.5,11,1,0
19,124.8,13,13.4,1,0
19,133.3,########,########,1,0
19,141.8,133.475,133.475,1,0
21,128.2,12,12.5,1,0
18,115,10.5,0,1,0
18,123.6,11.5,10.75,1,0
19,120.2,0,0,1,0
18,127,########,14,1,0
18,120.4,14.7,12,1,0
25,120,0,0,0,0
18,120,########,########,1,0
19,133.9,0,0,1,0
18,113.5,########,14.925,1,0
24,126.1,0,0,1,0
19,121.2,13,########,1,0
29,150,########,########,1,0
27,100,0,0,1,0
18,127.3,########,1.211.875,1,0
28,103.8,########,########,1,0
32,131,########,13.25,1,1
30,133.9,11.4,########,1,0
29,140,11.325,11.325,1,0
20,121.4,0,0,1,0
19,122,15,15,1,0
29,150.5,########,15.625,1,0
27,139.4,11,10.5,0,0
19,112.6,0,0,1,0
21,115.2,########,12.5,1,1
29,131.8,12.25,########,0,0
42,122.8,########,12.5,0,0
18,156.2,########,########,1,1
24,132,12,13,1,0
32,130,########,1.206.375,1,0
18,138.4,11.25,11,1,0
27,146.2,########,########,1,0
18,166,1.488.875,1.488.875,1,0
19,133.1,########,12.4,1,1
18,121.9,########,########,1,1
21,110.4,12.6,########,1,0
26,121.4,13,12.25,1,1
22,137,13.875,########,1,1
37,140,10.75,########,1,0
24,140,########,0,1,0
18,126.8,12.6,13,1,0
19,124.8,124.125,112.625,1,1
28,120,11,10.5,0,0
18,133,########,########,1,1
20,127.5,12,########,1,0
18,131.7,########,########,1,0
47,133,11.4,########,1,0
38,122.7,14.6,########,1,0
20,121.2,13.5,12.5,1,1
21,150,12.5,########,1,0
19,133.4,13,12.2,1,1
25,121.2,11.6,13,1,0
18,129.3,11.8,11.6,1,0
46,117.8,########,########,0,0
23,131.3,12.625,12.625,1,0
20,133.8,########,13.5,1,1
20,120,12.5,########,1,0
19,122.2,13.6,########,1,0
18,119,12,11,0,0
30,149.5,149.125,13.5,1,1
20,153.8,13.8,12,1,1
22,152,########,13,1,0